question_id,student_id,diagnostic_group,baseline_error_direction,teacher_score,baseline_score,trial_score,max_score,safety_tolerance,baseline_abs_error,trial_abs_error,trial_route,trial_membership,U_E,U_S,U_R,U_R_consensus,U_R_evidence,U_R_undercredit,result_correctness_signal,result_strong_signal,method_evidence_signal,lenient_undercredit_signal,stable_undercredit_review,result_anchored_undercredit_review,unsupported_match_points_ratio,effective_unsupported_match_points_ratio,unsupported_high_score_risk,bare_answer_risk,core_support_signal,core_contradiction_ratio,evidence_supported_answer,boundary_action,boundary_gate_reason,sequential_outcome,requires_human_review
CO_12,ANS_CO_1334,bnd_auto_resolved,undercredit,16.0,6.8,6.8,25.0,2.5,9.2,9.2,BND,0.510311,0.16,0.5,0.333333,0.333333,0.0,0.0,0.75,0.0,0.6,0.2889,True,False,0.0,0.0,0.0,0.3,0.375,0.0,False,keep_baseline,structured_evidence_supports_no_material_change,auto_kept_after_review,False
CO_5,ANS_CO_260,bnd_auto_resolved,undercredit,8.0,0.4,0.4,15.0,1.5,7.6,7.6,BND,0.517317,0.333333,0.416667,0.388889,0.388889,0.0,0.0,0.0,0.0,0.1667,0.0,False,False,0.0,0.0,0.0,0.0,0.0,0.0,False,keep_baseline,structured_evidence_supports_no_material_change,auto_kept_after_review,False
CO_11,ANS_CO_1254,bnd_auto_resolved,undercredit,15.0,8.2,9.7,15.0,1.5,6.8,5.3,BND,0.378159,0.45,1.0,0.638889,0.638889,0.3684,0.0,0.3636,0.3636,0.375,0.0487,False,False,0.2333,0.2333,0.1276,0.2273,0.4737,0.3684,False,accept_structured_raise,validated_item_evidence,auto_adjusted,False
CO_12,ANS_CO_1400,bnd_auto_resolved,undercredit,18.0,11.3,15.3,25.0,2.5,6.7,2.7,BND,0.504373,0.0,0.6,0.213333,0.213333,0.0,0.0,1.0,0.0,1.0,0.4682,True,False,0.0,0.0,0.0,0.0,0.5,0.0,False,accept_structured_raise,validated_item_evidence,auto_adjusted,False
CO_13,ANS_CO_1588,bnd_auto_resolved,undercredit,15.0,9.2,9.2,20.0,2.0,5.8,5.8,BND,0.430732,0.0,1.0,0.116667,0.116667,0.0,0.0,1.0,0.0,1.0,0.4588,True,False,0.0,0.0,0.0,0.0,0.5,0.0,False,keep_baseline,structured_evidence_supports_no_material_change,auto_kept_after_review,False
CO_13,ANS_CO_1598,bnd_auto_resolved,undercredit,18.0,12.3,12.3,20.0,2.0,5.7,5.7,BND,0.424521,0.0,1.0,0.2,0.2,0.0,0.0,0.5333,0.5333,0.65,0.0958,False,False,0.0,0.0,0.0,0.1867,0.5333,0.0,False,keep_baseline,structured_evidence_supports_no_material_change,auto_kept_after_review,False
ISC_5,ANS_ISC_57,bnd_auto_resolved,undercredit,6.0,0.3,1.05,6.0,0.6,5.7,4.95,BND,0.44602,0.25,0.833333,0.25,0.25,0.0,0.0,0.5,0.0,0.5,0.1941,True,False,0.0,0.0,0.0,0.25,0.25,0.0,False,accept_structured_raise,validated_item_evidence,auto_adjusted,False
CO_10,ANS_CO_1085,bnd_auto_resolved,undercredit,6.0,0.7,0.7,15.0,1.5,5.3,5.3,BND,0.493161,0.733333,0.333333,0.755556,0.755556,0.0,0.0,0.5,0.5,0.1111,0.0525,False,False,0.0,0.0,0.0,0.4444,0.0,0.0,False,keep_baseline,structured_evidence_supports_no_material_change,auto_kept_after_review,False
CPL_7,ANS_CPL_388,bnd_auto_resolved,undercredit,10.0,5.2,5.2,15.0,1.5,4.8,4.8,BND,0.456296,0.0,0.833333,0.222222,0.222222,0.0,0.0,1.0,0.0,1.0,0.5922,True,False,0.0,0.0,0.0,0.0,0.5,0.0,False,keep_baseline,structured_evidence_supports_no_material_change,auto_kept_after_review,False
CO_1,ANS_CO_134,bnd_auto_resolved,undercredit,5.0,0.3,0.3,5.0,0.5,4.7,4.7,BND,0.40016,0.3,1.0,0.4,0.4,0.0,0.0,0.0,0.0,0.0,0.0,False,False,0.0,0.0,0.0,0.0,0.0,0.0,False,keep_baseline,structured_evidence_supports_no_material_change,auto_kept_after_review,False
CO_11,ANS_CO_1221,bnd_auto_resolved,undercredit,9.0,4.8,4.8,15.0,1.5,4.2,4.2,BND,0.389968,0.366667,1.0,0.511111,0.511111,0.0,0.0,0.6364,0.1818,0.625,0.248,True,False,0.0,0.0,0.0,0.2386,0.3158,0.0,False,keep_baseline,structured_evidence_supports_no_material_change,auto_kept_after_review,False
CO_8,ANS_CO_847,bnd_auto_resolved,undercredit,8.0,3.8,5.05,10.0,1.0,4.2,2.95,BND,0.40237,0.0,1.0,0.5,0.166667,0.5,0.0,0.5,0.5,0.75,0.1892,True,True,0.25,0.25,0.095,0.125,0.5,0.5,False,accept_structured_raise,validated_item_evidence,auto_adjusted,False
CPL_4,ANS_CPL_186,bnd_auto_resolved,undercredit,5.0,0.8,0.8,10.0,1.0,4.2,4.2,BND,0.420805,0.0,1.0,0.25,0.25,0.0,0.0,0.0,0.0,0.0,0.0,False,False,0.0,0.0,0.0,0.0,0.0,0.0,False,keep_baseline,structured_evidence_supports_no_material_change,auto_kept_after_review,False
CO_11,ANS_CO_1239,bnd_auto_resolved,undercredit,14.0,10.0,10.0,15.0,1.5,4.0,4.0,BND,0.405697,0.266667,1.0,0.338889,0.338889,0.1579,0.0,0.8182,0.8182,0.7083,0.125,False,False,0.1,0.1,0.0667,0.2386,0.6316,0.1579,False,keep_baseline,structured_evidence_supports_no_material_change,auto_kept_after_review,False
CO_12,ANS_CO_1435,bnd_auto_resolved,overcredit,19.0,23.0,23.0,25.0,2.5,4.0,4.0,BND,0.462703,0.0,0.8,0.226667,0.226667,0.0,0.0,1.0,1.0,1.0,0.0,False,False,0.0,0.0,0.0,0.0,1.0,0.0,True,keep_baseline,structured_evidence_supports_no_material_change,auto_kept_after_review,False
ISC_9,ANS_ISC_322,bnd_auto_resolved,overcredit,2.0,5.8,5.8,10.0,1.0,3.8,3.8,BND,0.439464,0.0,1.0,0.0,0.0,0.0,0.0,1.0,0.0,1.0,0.3176,True,False,0.0,0.0,0.0,0.0,0.5,0.0,False,keep_baseline,structured_evidence_supports_no_material_change,auto_kept_after_review,False
CO_6,ANS_CO_427,bnd_auto_resolved,undercredit,6.0,2.5,2.5,20.0,2.0,3.5,3.5,BND,0.494072,0.15,0.625,0.216667,0.216667,0.0,0.0,0.5714,0.0,0.5,0.2053,True,False,0.0,0.0,0.0,0.2857,0.2857,0.0,False,keep_baseline,structured_evidence_supports_no_material_change,auto_kept_after_review,False
CO_5,ANS_CO_359,bnd_auto_resolved,overcredit,10.0,13.3,15.0,15.0,1.5,3.3,5.0,BND,0.366362,0.0,1.0,1.0,0.111111,1.0,0.0,1.0,1.0,1.0,0.0,False,False,0.3333,0.3333,0.2956,0.0,1.0,1.0,True,accept_structured_raise,validated_item_evidence,auto_adjusted,False
ML_1,ANS_ML_39,bnd_auto_resolved,undercredit,4.0,0.7,0.7,4.0,0.5,3.3,3.3,BND,0.414633,0.0,1.0,0.333333,0.333333,0.0,0.0,0.0,0.0,0.0,0.0,False,False,0.0,0.0,0.0,0.0,0.0,0.0,False,keep_baseline,structured_evidence_supports_no_material_change,auto_kept_after_review,False
CO_12,ANS_CO_1366,bnd_auto_resolved,undercredit,17.0,14.0,19.0,25.0,2.5,3.0,2.0,BND,0.414382,0.1,1.0,0.293333,0.293333,0.0,0.0,1.0,0.25,1.0,0.3412,True,False,0.0,0.0,0.0,0.0,0.625,0.0,False,accept_structured_raise,validated_item_evidence,auto_adjusted,False
CO_12,ANS_CO_1441,bnd_auto_resolved,overcredit,17.0,19.8,19.8,25.0,2.5,2.8,2.8,BND,0.446549,0.0,0.88,0.226667,0.226667,0.0,0.0,1.0,0.75,1.0,0.0682,False,False,0.0,0.0,0.0,0.0,0.875,0.0,True,keep_baseline,structured_evidence_supports_no_material_change,auto_kept_after_review,False
CO_4,ANS_CO_723,bnd_auto_resolved,undercredit,20.0,17.2,17.2,20.0,2.0,2.8,2.8,BND,0.506641,0.0,0.625,0.116667,0.116667,0.0,0.0,1.0,0.0,1.0,0.0,False,False,0.0,0.0,0.086,0.0,0.5,0.0,False,keep_baseline,structured_evidence_supports_no_material_change,auto_kept_after_review,False
CO_8,ANS_CO_890,bnd_auto_resolved,undercredit,7.0,4.2,4.2,10.0,1.0,2.8,2.8,BND,0.406955,0.0,1.0,0.4375,0.4375,0.0,0.0,0.0,0.0,0.5,0.0,False,False,0.0,0.0,0.0,0.0,0.0,0.0,False,keep_baseline,structured_evidence_supports_no_material_change,auto_kept_after_review,False
ISC_5,ANS_ISC_54,bnd_auto_resolved,undercredit,6.0,3.2,3.95,6.0,0.6,2.8,2.05,BND,0.394451,0.25,1.0,0.5,0.5,0.0,0.0,0.5,0.5,0.5,0.0931,True,True,0.0,0.0,0.0,0.25,0.5,0.0,False,accept_structured_raise,validated_item_evidence,auto_adjusted,False
CO_12,ANS_CO_1380,bnd_auto_resolved,undercredit,13.0,10.3,11.8,25.0,2.5,2.7,1.2,BND,0.431479,0.0,1.0,0.106667,0.106667,0.0,0.0,1.0,0.0,1.0,0.5153,True,False,0.0,0.0,0.0,0.0,0.5,0.0,False,accept_structured_raise,validated_item_evidence,auto_adjusted,False
CPL_4,ANS_CPL_185,bnd_auto_resolved,undercredit,9.0,6.3,6.3,10.0,1.0,2.7,2.7,BND,0.420805,0.0,1.0,0.25,0.25,0.0,0.0,0.0,0.0,0.0,0.0,False,False,0.0,0.0,0.0,0.0,0.0,0.0,False,keep_baseline,structured_evidence_supports_no_material_change,auto_kept_after_review,False
DM_2,ANS_DM_169,bnd_auto_resolved,overcredit,7.0,9.7,9.7,10.0,1.0,2.7,2.7,BND,0.530786,0.0,0.5,0.133333,0.133333,0.0,0.0,1.0,1.0,1.0,0.0,False,False,0.0,0.0,0.0,0.0,1.0,0.0,True,keep_baseline,structured_evidence_supports_no_material_change,auto_kept_after_review,False
ML_4,ANS_ML_224,bnd_auto_resolved,undercredit,6.0,3.3,4.5,6.0,0.6,2.7,1.5,BND,0.473128,0.0,0.833333,0.0,0.0,0.0,0.0,1.0,0.0,1.0,0.3529,True,False,0.0,0.0,0.0,0.0,0.5,0.0,False,accept_structured_raise,validated_item_evidence,auto_adjusted,False
CO_3,ANS_CO_208,bnd_auto_resolved,undercredit,8.0,5.5,7.0,10.0,1.0,2.5,1.0,BND,0.439464,0.0,1.0,0.0,0.0,0.0,0.0,1.0,0.0,1.0,0.3529,True,False,0.0,0.0,0.0,0.0,0.5,0.0,False,accept_structured_raise,validated_item_evidence,auto_adjusted,False
CO_11,ANS_CO_1202,bnd_auto_resolved,undercredit,7.0,4.7,4.7,15.0,1.5,2.3,2.3,BND,0.39126,0.3,1.0,0.522222,0.522222,0.0,0.0,0.0,0.0,0.2083,0.0,False,False,0.0,0.0,0.0,0.0,0.2632,0.0,False,keep_baseline,structured_evidence_supports_no_material_change,auto_kept_after_review,False
ML_1,ANS_ML_48,bnd_auto_resolved,undercredit,4.0,1.7,1.7,4.0,0.5,2.3,2.3,BND,0.439464,0.0,1.0,0.0,0.0,0.0,0.0,1.0,0.0,1.0,0.5,True,False,0.0,0.0,0.0,0.0,0.5,0.0,False,keep_baseline,structured_evidence_supports_no_material_change,auto_kept_after_review,False
CO_8,ANS_CO_904,bnd_auto_resolved,undercredit,3.0,0.8,0.8,10.0,1.0,2.2,2.2,BND,0.481894,0.25,0.625,0.333333,0.333333,0.0,0.0,0.0,0.0,0.25,0.0,False,False,0.0,0.0,0.0,0.0,0.0,0.0,False,keep_baseline,structured_evidence_supports_no_material_change,auto_kept_after_review,False
CPL_7,ANS_CPL_374,bnd_auto_resolved,undercredit,10.0,8.0,10.5,15.0,1.5,2.0,0.5,BND,0.431147,0.0,1.0,0.111111,0.111111,0.0,0.0,1.0,0.0,1.0,0.3725,True,False,0.0,0.0,0.0,0.0,0.5,0.0,False,accept_structured_raise,validated_item_evidence,auto_adjusted,False
CPL_8,ANS_CPL_451,bnd_auto_resolved,overcredit,4.0,6.0,6.0,10.0,1.0,2.0,2.0,BND,0.424521,0.0,1.0,0.2,0.133333,0.2,0.0,0.0,0.0,0.7,0.0,False,False,0.2,0.2,0.12,0.0,0.0,0.0,False,keep_baseline,structured_evidence_supports_no_material_change,auto_kept_after_review,False
ISC_3,ANS_ISC_572,bnd_auto_resolved,undercredit,5.0,3.1,3.1,5.0,0.5,1.9,1.9,BND,0.530027,0.333333,0.333333,0.444444,0.444444,0.0,0.0,0.6667,0.3333,0.6667,0.1203,False,False,0.0,0.0,0.0,0.2222,0.5,0.0,False,keep_baseline,structured_evidence_supports_no_material_change,auto_kept_after_review,False
ISC_3,ANS_ISC_595,bnd_auto_resolved,undercredit,4.0,2.1,2.1,5.0,0.5,1.9,1.9,BND,0.387799,0.333333,1.0,0.555556,0.555556,0.0,0.0,0.3333,0.3333,0.3333,0.0497,False,False,0.0,0.0,0.0,0.2222,0.3333,0.0,False,keep_baseline,structured_evidence_supports_no_material_change,auto_kept_after_review,False
ML_1,ANS_ML_05,bnd_auto_resolved,undercredit,4.0,2.1,2.9,4.0,0.5,1.9,1.1,BND,0.439464,0.0,1.0,0.0,0.0,0.0,0.0,1.0,0.0,1.0,0.3824,True,False,0.0,0.0,0.0,0.0,0.5,0.0,False,accept_structured_raise,validated_item_evidence,auto_adjusted,False
CO_12,ANS_CO_1365,bnd_auto_resolved,safe,16.0,14.2,15.2,25.0,2.5,1.8,0.8,BND,0.503759,0.08,0.6,0.186667,0.186667,0.0,0.0,0.75,0.5,0.8,0.1879,True,True,0.0,0.0,0.0,0.15,0.625,0.0,False,accept_structured_raise,validated_item_evidence,auto_adjusted,False
CO_3,ANS_CO_179,bnd_auto_resolved,undercredit,6.0,4.2,6.2,10.0,1.0,1.8,0.2,BND,0.490072,0.0,0.75,0.0,0.0,0.0,0.0,1.0,0.0,1.0,0.5059,True,False,0.0,0.0,0.0,0.0,0.5,0.0,False,accept_structured_raise,validated_item_evidence,auto_adjusted,False
CPL_8,ANS_CPL_426,bnd_auto_resolved,overcredit,4.0,5.8,7.3,10.0,1.0,1.8,3.3,BND,0.429488,0.0,1.0,0.133333,0.133333,0.0,0.0,0.0,0.0,0.8,0.0,False,False,0.0,0.0,0.0,0.0,0.0,0.0,False,accept_structured_raise,validated_item_evidence,auto_adjusted,False
CO_3,ANS_CO_250,bnd_auto_resolved,undercredit,9.0,7.3,7.3,10.0,1.0,1.7,1.7,BND,0.477398,0.0,0.75,0.166667,0.166667,0.0,0.0,1.0,0.5,1.0,0.1412,False,False,0.0,0.0,0.0,0.0,0.75,0.0,False,keep_baseline,structured_evidence_supports_no_material_change,auto_kept_after_review,False
CO_4,ANS_CO_760,bnd_auto_resolved,safe,20.0,18.3,18.3,20.0,2.0,1.7,1.7,BND,0.525727,0.0,0.5,0.2,0.2,0.0,0.0,1.0,0.0,1.0,0.0,False,False,0.0,0.0,0.0,0.0,0.5,0.0,False,keep_baseline,structured_evidence_supports_no_material_change,auto_kept_after_review,False
CO_7,ANS_CO_458,bnd_auto_resolved,undercredit,4.0,2.3,2.3,10.0,1.0,1.7,1.7,BND,0.414633,0.0,1.0,0.333333,0.333333,0.0,0.0,1.0,0.0,1.0,0.7294,True,False,0.0,0.0,0.0,0.0,0.5,0.0,False,keep_baseline,structured_evidence_supports_no_material_change,auto_kept_after_review,False
POC_3,ANS_POC_290,bnd_auto_resolved,undercredit,5.0,3.3,4.3,5.0,0.5,1.7,0.7,BND,0.429488,0.0,1.0,0.133333,0.133333,0.0,0.0,1.0,0.6,1.0,0.2235,False,False,0.0,0.0,0.0,0.0,0.8,0.0,False,accept_structured_raise,validated_item_evidence,auto_adjusted,False
ISC_3,ANS_ISC_614,bnd_auto_resolved,undercredit,5.0,3.4,3.4,5.0,0.5,1.6,1.6,BND,0.414633,0.0,1.0,0.333333,0.333333,0.0,0.0,1.0,0.3333,1.0,0.2,False,False,0.0,0.0,0.0,0.0,0.6667,0.0,False,keep_baseline,structured_evidence_supports_no_material_change,auto_kept_after_review,False
CPL_8,ANS_CPL_434,bnd_auto_resolved,undercredit,10.0,8.5,8.5,10.0,1.0,1.5,1.5,BND,0.485,0.0,0.75,0.066667,0.066667,0.0,0.0,0.0,0.0,0.9,0.0,False,False,0.0,0.0,0.085,0.0,0.0,0.0,False,keep_baseline,structured_evidence_supports_no_material_change,auto_kept_after_review,False
POC_5,ANS_POC_156,bnd_auto_resolved,undercredit,5.0,3.5,3.75,5.0,0.5,1.5,1.25,BND,0.412171,0.0,1.0,0.366667,0.366667,0.0,0.0,1.0,0.4,1.0,0.1765,False,False,0.0,0.0,0.0,0.0,0.7,0.0,False,accept_structured_raise,validated_item_evidence,auto_adjusted,False
CO_8,ANS_CO_873,bnd_auto_resolved,undercredit,3.0,1.7,2.95,10.0,1.0,1.3,0.05,BND,0.388406,0.25,1.0,0.583333,0.583333,0.0,0.0,0.0,0.0,0.25,0.0,False,False,0.0,0.0,0.0,0.0,0.0,0.0,False,accept_structured_raise,validated_item_evidence,auto_adjusted,False
ISC_3,ANS_ISC_568,bnd_auto_resolved,undercredit,5.0,3.7,3.7,5.0,0.5,1.3,1.3,BND,0.422868,0.0,1.0,0.222222,0.222222,0.0,0.0,1.0,0.3333,1.0,0.1294,False,False,0.0,0.0,0.0,0.0,0.6667,0.0,False,keep_baseline,structured_evidence_supports_no_material_change,auto_kept_after_review,False
ML_4,ANS_ML_207,bnd_auto_resolved,undercredit,6.0,4.7,5.2,6.0,0.6,1.3,0.8,BND,0.414633,0.0,1.0,0.333333,0.333333,0.0,0.0,1.0,0.0,1.0,0.0784,False,False,0.0,0.0,0.0,0.0,0.5,0.0,False,accept_structured_raise,validated_item_evidence,auto_adjusted,False
ISC_9,ANS_ISC_363,bnd_auto_resolved,overcredit,3.0,4.2,4.2,10.0,1.0,1.2,1.2,BND,0.439464,0.0,1.0,0.0,0.0,0.0,0.0,0.5,0.0,0.5,0.1043,True,False,0.0,0.0,0.0,0.25,0.0,0.0,False,keep_baseline,structured_evidence_supports_no_material_change,auto_kept_after_review,False
CO_8,ANS_CO_902,bnd_auto_resolved,undercredit,4.0,2.9,2.9,10.0,1.0,1.1,1.1,BND,0.502835,0.0,0.625,0.166667,0.166667,0.0,0.0,0.0,0.0,0.5,0.0,False,False,0.0,0.0,0.0,0.0,0.0,0.0,False,keep_baseline,structured_evidence_supports_no_material_change,auto_kept_after_review,False
ISC_3,ANS_ISC_599,bnd_auto_resolved,undercredit,4.0,2.9,3.4,5.0,0.5,1.1,0.6,BND,0.456296,0.0,0.833333,0.222222,0.222222,0.0,0.0,0.6667,0.3333,0.6667,0.1247,True,False,0.0,0.0,0.0,0.2222,0.5,0.0,False,accept_structured_raise,validated_item_evidence,auto_adjusted,False
CO_11,ANS_CO_1312,bnd_auto_resolved,safe,15.0,14.0,14.0,15.0,1.5,1.0,1.0,BND,0.530022,0.1,0.5,0.1,0.1,0.0,0.0,1.0,1.0,1.0,0.0,False,False,0.0,0.0,0.0,0.0,1.0,0.0,True,keep_baseline,structured_evidence_supports_no_material_change,auto_kept_after_review,False
CO_4,ANS_CO_718,bnd_auto_resolved,safe,17.0,18.0,18.0,20.0,2.0,1.0,1.0,BND,0.525727,0.0,0.5,0.2,0.2,0.0,0.0,1.0,1.0,1.0,0.0,False,False,0.0,0.0,0.09,0.0,1.0,0.0,True,keep_baseline,structured_evidence_supports_no_material_change,auto_kept_after_review,False
DM_3,ANS_DM_240,bnd_auto_resolved,safe,4.0,5.0,5.0,10.0,1.0,1.0,1.0,BND,0.41796,0.05,1.0,0.266667,0.266667,0.0,0.0,0.0,0.0,0.5,0.0,False,False,0.0,0.0,0.0,0.0,0.75,0.0,False,keep_baseline,structured_evidence_supports_no_material_change,auto_kept_after_review,False
POC_5,ANS_POC_133,bnd_auto_resolved,undercredit,5.0,4.1,4.1,5.0,0.5,0.9,0.9,BND,0.485,0.0,0.75,0.066667,0.066667,0.0,0.0,1.0,0.4,1.0,0.0353,False,False,0.0,0.0,0.0,0.0,0.7,0.0,False,keep_baseline,structured_evidence_supports_no_material_change,auto_kept_after_review,False
CPL_8,ANS_CPL_424,bnd_auto_resolved,safe,6.0,6.8,6.8,10.0,1.0,0.8,0.8,BND,0.471571,0.1,0.75,0.2,0.166667,0.2,0.0,0.0,0.0,0.8,0.0,False,False,0.2,0.2,0.136,0.0,0.0,0.0,False,keep_baseline,structured_evidence_supports_no_material_change,auto_kept_after_review,False
CO_2,ANS_CO_622,bnd_auto_resolved,safe,18.0,17.3,17.3,20.0,2.0,0.7,0.7,BND,0.429488,0.0,1.0,0.133333,0.133333,0.0,0.0,1.0,0.6,1.0,0.0,False,False,0.0,0.0,0.0,0.0,0.8,0.0,False,keep_baseline,structured_evidence_supports_no_material_change,auto_kept_after_review,False
CO_7,ANS_CO_464,bnd_auto_resolved,safe,10.0,9.3,9.3,10.0,1.0,0.7,0.7,BND,0.515594,0.0,0.5,0.333333,0.333333,0.0,0.0,1.0,0.5,1.0,0.0,False,False,0.0,0.0,0.0,0.0,0.75,0.0,False,keep_baseline,structured_evidence_supports_no_material_change,auto_kept_after_review,False
CO_7,ANS_CO_475,bnd_auto_resolved,safe,6.0,6.7,8.7,10.0,1.0,0.7,2.7,BND,0.439464,0.0,1.0,0.0,0.0,0.0,0.0,1.0,0.0,1.0,0.2118,False,False,0.0,0.0,0.0,0.0,0.5,0.0,False,accept_structured_raise,validated_item_evidence,auto_adjusted,False
DM_1,ANS_DM_22,bnd_auto_resolved,safe,5.0,4.3,4.3,8.0,0.8,0.7,0.7,BND,0.393536,0.375,1.0,0.458333,0.458333,0.0,0.0,0.625,0.625,0.625,0.1248,True,False,0.0,0.0,0.0,0.2344,0.625,0.0,False,keep_baseline,structured_evidence_supports_no_material_change,auto_kept_after_review,False
DM_2,ANS_DM_180,bnd_auto_resolved,safe,10.0,9.3,9.3,10.0,1.0,0.7,0.7,BND,0.422043,0.0,1.0,0.233333,0.233333,0.0,0.0,1.0,1.0,1.0,0.0,False,False,0.0,0.0,0.0,0.0,1.0,0.0,True,keep_baseline,structured_evidence_supports_no_material_change,auto_kept_after_review,False
ISC_2,ANS_ISC_483,bnd_auto_resolved,overcredit,4.0,4.7,4.7,5.0,0.5,0.7,0.7,BND,0.515594,0.0,0.5,0.333333,0.333333,0.0,0.0,1.0,0.0,1.0,0.0,False,False,0.0,0.0,0.0,0.0,0.5,0.0,False,keep_baseline,structured_evidence_supports_no_material_change,auto_kept_after_review,False
POC_5,ANS_POC_144,bnd_auto_resolved,undercredit,5.0,4.3,4.3,5.0,0.5,0.7,0.7,BND,0.525727,0.0,0.5,0.2,0.2,0.0,0.0,1.0,1.0,1.0,0.0,False,False,0.0,0.0,0.0,0.0,1.0,0.0,True,keep_baseline,structured_evidence_supports_no_material_change,auto_kept_after_review,False
DM_3,ANS_DM_262,bnd_auto_resolved,safe,0.0,0.5,0.5,10.0,1.0,0.5,0.5,BND,0.465634,0.05,0.75,0.3,0.3,0.0,0.0,0.0,0.0,0.0,0.0,False,False,0.0,0.0,0.0,0.0,0.0,0.0,False,keep_baseline,structured_evidence_supports_no_material_change,auto_kept_after_review,False
ISC_2,ANS_ISC_532,bnd_auto_resolved,safe,4.0,3.5,3.5,5.0,0.5,0.5,0.5,BND,0.439464,0.0,1.0,0.0,0.0,0.0,0.0,1.0,0.0,1.0,0.1765,False,False,0.0,0.0,0.0,0.0,0.5,0.0,False,keep_baseline,structured_evidence_supports_no_material_change,auto_kept_after_review,False
POC_3,ANS_POC_266,bnd_auto_resolved,safe,1.0,1.5,1.5,5.0,0.5,0.5,0.5,BND,0.429488,0.0,1.0,0.133333,0.133333,0.0,0.0,0.4,0.0,0.4,0.0818,True,False,0.0,0.0,0.0,0.24,0.2,0.0,False,keep_baseline,structured_evidence_supports_no_material_change,auto_kept_after_review,False
CO_8,ANS_CO_778,bnd_auto_resolved,safe,10.0,9.6,9.6,10.0,1.0,0.4,0.4,BND,0.509178,0.0,0.625,0.083333,0.083333,0.0,0.0,1.0,1.0,1.0,0.0,False,False,0.0,0.0,0.0,0.0,1.0,0.0,True,keep_baseline,structured_evidence_supports_no_material_change,auto_kept_after_review,False
CO_13,ANS_CO_1521,bnd_auto_resolved,safe,15.0,14.7,15.7,20.0,2.0,0.3,0.7,BND,0.505372,0.0,0.625,0.133333,0.133333,0.0,0.0,1.0,0.5333,1.0,0.1353,False,False,0.0,0.0,0.0,0.0,0.7667,0.0,False,accept_structured_raise,validated_item_evidence,auto_adjusted,False
CO_13,ANS_CO_1563,bnd_auto_resolved,safe,18.0,18.3,18.3,20.0,2.0,0.3,0.3,BND,0.464753,0.0,0.75,0.333333,0.333333,0.0,0.0,1.0,0.5333,1.0,0.0,False,False,0.0,0.0,0.0,0.0,0.7667,0.0,False,keep_baseline,structured_evidence_supports_no_material_change,auto_kept_after_review,False
CO_2,ANS_CO_556,bnd_auto_resolved,safe,19.0,18.7,18.7,20.0,2.0,0.3,0.3,BND,0.429488,0.0,1.0,0.133333,0.133333,0.0,0.0,1.0,1.0,1.0,0.0,False,False,0.0,0.0,0.0,0.0,1.0,0.0,True,keep_baseline,structured_evidence_supports_no_material_change,auto_kept_after_review,False
CO_2,ANS_CO_577,bnd_auto_resolved,safe,15.0,15.3,15.3,20.0,2.0,0.3,0.3,BND,0.513679,0.25,0.5,0.25,0.25,0.0,0.0,1.0,0.6,1.0,0.1,False,False,0.0,0.0,0.0,0.0,0.8,0.0,False,keep_baseline,structured_evidence_supports_no_material_change,auto_kept_after_review,False
CPL_6,ANS_CPL_323,bnd_auto_resolved,safe,2.0,2.3,2.3,10.0,1.0,0.3,0.3,BND,0.530786,0.0,0.5,0.133333,0.133333,0.0,0.0,0.0,0.0,0.2,0.0,False,False,0.0,0.0,0.0,0.0,0.0,0.0,False,keep_baseline,structured_evidence_supports_no_material_change,auto_kept_after_review,False
DM_1,ANS_DM_34,bnd_auto_resolved,safe,5.0,5.3,5.3,8.0,0.8,0.3,0.3,BND,0.481415,0.3125,0.625,0.3125,0.3125,0.0,0.0,0.625,0.625,0.625,0.0749,False,False,0.0,0.0,0.0,0.2344,0.625,0.0,False,keep_baseline,structured_evidence_supports_no_material_change,auto_kept_after_review,False
DM_3,ANS_DM_243,bnd_auto_resolved,safe,10.0,9.7,9.7,10.0,1.0,0.3,0.3,BND,0.518129,0.0,0.5,0.3,0.3,0.0,0.0,1.0,1.0,1.0,0.0,False,False,0.0,0.0,0.0,0.0,1.0,0.0,True,keep_baseline,structured_evidence_supports_no_material_change,auto_kept_after_review,False
ISC_9,ANS_ISC_337,bnd_auto_resolved,safe,10.0,9.7,9.7,10.0,1.0,0.3,0.3,BND,0.515594,0.0,0.5,0.333333,0.333333,0.0,0.0,1.0,0.5,1.0,0.0,False,False,0.0,0.0,0.0,0.0,1.0,0.0,False,keep_baseline,structured_evidence_supports_no_material_change,auto_kept_after_review,False
ISC_9,ANS_ISC_367,bnd_auto_resolved,safe,2.0,1.7,1.7,10.0,1.0,0.3,0.3,BND,0.427002,0.0,1.0,0.166667,0.166667,0.0,0.0,0.5,0.0,0.5,0.165,True,False,0.0,0.0,0.0,0.25,0.0,0.0,False,keep_baseline,structured_evidence_supports_no_material_change,auto_kept_after_review,False
CO_11,ANS_CO_1283,bnd_auto_resolved,safe,15.0,15.0,15.0,15.0,1.5,0.0,0.0,BND,0.427656,0.0,1.0,0.1579,0.033333,0.1579,0.0,1.0,1.0,1.0,0.0,False,False,0.1,0.1,0.1,0.0,1.0,0.1579,True,keep_baseline,structured_evidence_supports_no_material_change,auto_kept_after_review,False
CO_13,ANS_CO_1617,bnd_human_review,undercredit,19.0,10.5,10.5,20.0,2.0,8.5,8.5,BND,0.454593,0.0,0.875,0.133333,0.133333,0.0,0.0,1.0,0.0,1.0,0.3824,True,False,0.0,0.0,0.0,0.0,0.5,0.0,False,keep_baseline,lower_action_disabled_by_validation_gate,defer_human,True
CO_2,ANS_CO_620,bnd_human_review,undercredit,15.0,8.0,8.0,20.0,2.0,7.0,7.0,BND,0.377003,0.5,1.0,0.633333,0.633333,0.0,0.0,0.5,0.1,0.5,0.1324,True,False,0.0,0.0,0.0,0.25,0.3,0.0,False,keep_baseline,lower_action_disabled_by_validation_gate,defer_human,True
CO_10,ANS_CO_1091,bnd_human_review,undercredit,8.0,1.5,1.5,15.0,1.5,6.5,6.5,BND,0.48885,0.4,0.5,0.511111,0.511111,0.0,0.0,0.0,0.0,0.1111,0.0,False,False,0.0,0.0,0.0,0.0,0.0,0.0,False,keep_baseline,lower_action_disabled_by_validation_gate,defer_human,True
CO_11,ANS_CO_1232,bnd_human_review,undercredit,14.0,8.2,8.2,15.0,1.5,5.8,5.8,BND,0.37915,0.533333,1.0,0.588889,0.588889,0.1667,0.0,0.8182,0.8182,0.375,0.1095,False,False,0.1667,0.1667,0.0911,0.5114,0.2105,0.0,False,keep_baseline,lower_action_disabled_by_validation_gate,defer_human,True
CO_4,ANS_CO_676,bnd_human_review,overcredit,8.0,13.8,13.8,20.0,2.0,5.8,5.8,BND,0.419569,0.0,1.0,0.266667,0.266667,0.0,0.0,1.0,0.0,1.0,0.1882,False,False,0.0,0.0,0.0,0.0,0.5,0.0,False,keep_baseline,lower_action_disabled_by_validation_gate,defer_human,True
CO_2,ANS_CO_525,bnd_human_review,undercredit,20.0,14.7,14.7,20.0,2.0,5.3,5.3,BND,0.40237,0.0,1.0,0.5,0.5,0.0,0.0,1.0,1.0,1.0,0.1353,False,False,0.0,0.0,0.0,0.0,1.0,0.0,True,keep_baseline,lower_action_disabled_by_validation_gate,defer_human,True
CO_2,ANS_CO_625,bnd_human_review,undercredit,20.0,14.7,14.7,20.0,2.0,5.3,5.3,BND,0.429488,0.0,1.0,0.133333,0.133333,0.0,0.0,0.6,0.6,0.6,0.0419,False,False,0.0,0.0,0.1764,0.24,0.6,0.0,False,keep_baseline,lower_action_disabled_by_validation_gate,defer_human,True
CO_6,ANS_CO_411,bnd_human_review,overcredit,12.0,17.3,17.3,20.0,2.0,5.3,5.3,BND,0.508346,0.0,0.5,0.4286,0.1,0.4286,0.0,1.0,0.4286,1.0,0.0,False,False,0.15,0.15,0.1298,0.0,0.7143,0.4286,False,keep_baseline,lower_action_disabled_by_validation_gate,defer_human,True
CO_3,ANS_CO_230,bnd_human_review,undercredit,8.0,3.2,3.2,10.0,1.0,4.8,4.8,BND,0.427002,0.0,1.0,0.166667,0.166667,0.0,0.0,0.5,0.0,0.5,0.1286,True,False,0.0,0.0,0.0,0.25,0.25,0.0,False,keep_baseline,lower_action_disabled_by_validation_gate,defer_human,True
CO_2,ANS_CO_576,bnd_human_review,undercredit,20.0,15.3,15.3,20.0,2.0,4.7,4.7,BND,0.419569,0.0,1.0,0.266667,0.266667,0.0,0.0,1.0,0.6,1.0,0.1,False,False,0.0,0.0,0.0,0.0,0.8,0.0,False,keep_baseline,structured_evidence_supports_no_material_change,defer_human,True
CO_10,ANS_CO_1181,bnd_human_review,undercredit,6.0,1.7,1.7,15.0,1.5,4.3,4.3,BND,0.482251,0.833333,0.333333,0.855556,0.855556,0.0667,0.0,0.5,0.5,0.2222,0.0963,False,False,0.0667,0.0667,0.0076,0.3889,0.0,0.0,False,keep_baseline,structured_evidence_confidence_below_threshold,defer_human,True
CO_5,ANS_CO_327,bnd_human_review,undercredit,8.0,3.7,3.7,15.0,1.5,4.3,4.3,BND,0.422868,0.0,1.0,0.222222,0.222222,0.0,0.0,0.0,0.0,0.3333,0.0,False,False,0.0,0.0,0.0,0.0,0.0,0.0,False,keep_baseline,lower_action_disabled_by_validation_gate,defer_human,True
CO_10,ANS_CO_1115,bnd_human_review,undercredit,7.0,3.0,3.0,15.0,1.5,4.0,4.0,BND,0.417831,0.466667,0.833333,0.533333,0.533333,0.0,0.0,0.5,0.5,0.4444,0.1699,True,False,0.0,0.0,0.0,0.2778,0.0,0.0,False,keep_baseline,lower_action_disabled_by_validation_gate,defer_human,True
ISC_5,ANS_ISC_67,bnd_human_review,undercredit,6.0,2.2,2.2,6.0,0.6,3.8,3.8,BND,0.387496,0.375,1.0,0.541667,0.541667,0.0,0.0,0.25,0.25,0.25,0.0324,False,False,0.0,0.0,0.0,0.1875,0.25,0.0,False,keep_baseline,lower_action_disabled_by_validation_gate,defer_human,True
CO_2,ANS_CO_643,bnd_human_review,undercredit,20.0,16.7,16.7,20.0,2.0,3.3,3.3,BND,0.427002,0.0,1.0,0.166667,0.166667,0.0,0.0,0.9,0.9,0.9,0.0138,False,False,0.0,0.0,0.0835,0.09,0.9,0.0,True,keep_baseline,lower_action_disabled_by_validation_gate,defer_human,True
CO_3,ANS_CO_241,bnd_human_review,undercredit,6.0,2.8,2.8,10.0,1.0,3.2,3.2,BND,0.427002,0.0,1.0,0.166667,0.166667,0.0,0.0,0.5,0.0,0.5,0.1383,True,False,0.0,0.0,0.0,0.25,0.25,0.0,False,keep_baseline,lower_action_disabled_by_validation_gate,defer_human,True
CO_8,ANS_CO_762,bnd_human_review,undercredit,5.0,1.8,1.8,10.0,1.0,3.2,3.2,BND,0.515518,0.0,0.625,0.0,0.0,0.0,0.0,0.0,0.0,0.25,0.0,False,False,0.0,0.0,0.0,0.0,0.0,0.0,False,keep_baseline,structured_evidence_confidence_below_threshold,defer_human,True
CPL_7,ANS_CPL_395,bnd_human_review,overcredit,10.0,13.2,13.2,15.0,1.5,3.2,3.2,BND,0.532471,0.0,0.5,0.111111,0.111111,0.0,0.0,1.0,0.6667,1.0,0.0,False,False,0.0,0.0,0.0,0.0,0.8333,0.0,True,keep_baseline,structured_evidence_confidence_below_threshold,defer_human,True
CO_3,ANS_CO_142,bnd_human_review,undercredit,5.0,2.0,2.0,10.0,1.0,3.0,3.0,BND,0.414633,0.0,1.0,0.333333,0.333333,0.0,0.0,1.0,0.0,1.0,0.7647,True,False,0.0,0.0,0.0,0.0,0.5,0.0,False,keep_baseline,lower_action_disabled_by_validation_gate,defer_human,True
CO_4,ANS_CO_686,bnd_human_review,undercredit,14.0,11.0,11.0,20.0,2.0,3.0,3.0,BND,0.430732,0.0,1.0,0.116667,0.116667,0.0,0.0,0.0,0.0,0.4444,0.0,False,False,0.0,0.0,0.0,0.0,0.0,0.0,False,keep_baseline,lower_action_disabled_by_validation_gate,defer_human,True
CO_8,ANS_CO_767,bnd_human_review,undercredit,5.0,2.1,2.1,10.0,1.0,2.9,2.9,BND,0.414633,0.0,1.0,0.333333,0.333333,0.0,0.0,0.0,0.0,0.25,0.0,False,False,0.0,0.0,0.0,0.0,0.0,0.0,False,keep_baseline,lower_action_disabled_by_validation_gate,defer_human,True
ML_1,ANS_ML_24,bnd_human_review,undercredit,4.0,1.3,1.3,4.0,0.5,2.7,2.7,BND,0.390229,0.0,1.0,0.666667,0.666667,0.0,0.0,0.0,0.0,0.0,0.0,False,False,0.0,0.0,0.0,0.0,0.0,0.0,False,keep_baseline,candidate_direction_conflicts_with_structured_evidence,defer_human,True
CO_13,ANS_CO_1636,bnd_human_review,safe,20.0,18.0,18.0,20.0,2.0,2.0,2.0,BND,0.481198,0.0,0.75,0.116667,0.116667,0.0,0.0,1.0,0.5333,1.0,0.0,False,False,0.0,0.0,0.0,0.0,0.7667,0.0,False,keep_baseline,lower_action_disabled_by_validation_gate,defer_human,True
CO_12,ANS_CO_1485,bnd_human_review,safe,17.0,15.2,15.2,25.0,2.5,1.8,1.8,BND,0.433914,0.08,0.92,0.253333,0.253333,0.0,0.0,0.75,0.5,0.8,0.1613,False,False,0.0,0.0,0.0,0.15,0.625,0.0,False,keep_baseline,lower_action_disabled_by_validation_gate,defer_human,True
CO_10,ANS_CO_1095,bnd_human_review,undercredit,8.0,6.3,6.3,15.0,1.5,1.7,1.7,BND,0.450758,0.066667,0.833333,0.266667,0.266667,0.2,0.0,0.5,0.5,0.7778,0.183,True,False,0.2,0.2,0.084,0.1111,0.0,0.0,False,keep_baseline,structured_evidence_supports_no_material_change,defer_human,True
CO_12,ANS_CO_1445,bnd_human_review,safe,9.0,7.3,7.3,25.0,2.5,1.7,1.7,BND,0.507819,0.08,0.6,0.133333,0.133333,0.0,0.0,0.75,0.0,0.8,0.3904,True,False,0.0,0.0,0.0,0.12,0.375,0.0,False,keep_baseline,structured_evidence_supports_no_material_change,defer_human,True
ISC_9,ANS_ISC_378,bnd_human_review,overcredit,0.0,1.7,1.7,10.0,1.0,1.7,1.7,BND,0.374622,0.5,1.0,0.666667,0.666667,0.0,0.0,0.0,0.0,0.0,0.0,False,False,0.0,0.0,0.0,0.0,0.0,0.0,False,keep_baseline,lower_action_disabled_by_validation_gate,defer_human,True
CPL_7,ANS_CPL_362,bnd_human_review,safe,12.0,13.5,13.5,15.0,1.5,1.5,1.5,BND,0.414633,0.0,1.0,0.333333,0.333333,0.0,0.0,1.0,1.0,1.0,0.0,False,False,0.0,0.0,0.0,0.0,1.0,0.0,True,keep_baseline,lower_action_disabled_by_validation_gate,defer_human,True
POC_5,ANS_POC_164,bnd_human_review,undercredit,5.0,3.5,3.5,5.0,0.5,1.5,1.5,BND,0.409714,0.0,1.0,0.4,0.4,0.0,0.0,1.0,0.4,0.8,0.1412,False,False,0.0,0.0,0.14,0.2,0.7,0.0,False,keep_baseline,lower_action_disabled_by_validation_gate,defer_human,True
CO_13,ANS_CO_1605,bnd_human_review,safe,16.0,14.7,14.7,20.0,2.0,1.3,1.3,BND,0.420805,0.0,1.0,0.25,0.25,0.0,0.0,1.0,0.4667,1.0,0.1353,False,False,0.0,0.0,0.0,0.0,0.7333,0.0,False,keep_baseline,lower_action_disabled_by_validation_gate,defer_human,True
CO_6,ANS_CO_412,bnd_human_review,safe,14.0,15.3,15.3,20.0,2.0,1.3,1.3,BND,0.40761,0.0,1.0,0.4286,0.133333,0.4286,0.0,0.4286,0.4286,0.75,0.0321,False,False,0.15,0.15,0.1147,0.1071,0.4286,0.4286,False,keep_baseline,lower_action_disabled_by_validation_gate,defer_human,True
CO_13,ANS_CO_1629,bnd_human_review,safe,15.0,13.8,13.8,20.0,2.0,1.2,1.2,BND,0.515518,0.0,0.625,0.0,0.0,0.0,0.0,1.0,0.5333,1.0,0.1882,False,False,0.0,0.0,0.0,0.0,0.7667,0.0,False,keep_baseline,structured_evidence_confidence_below_threshold,defer_human,True
CO_8,ANS_CO_875,bnd_human_review,undercredit,10.0,8.8,8.8,10.0,1.0,1.2,1.2,BND,0.427002,0.0,1.0,0.166667,0.166667,0.0,0.0,1.0,1.0,1.0,0.0,False,False,0.0,0.0,0.0,0.0,1.0,0.0,True,keep_baseline,lower_action_disabled_by_validation_gate,defer_human,True
POC_5,ANS_POC_140,bnd_human_review,undercredit,5.0,3.9,3.9,5.0,0.5,1.1,1.1,BND,0.419569,0.0,1.0,0.266667,0.266667,0.0,0.0,1.0,0.4,1.0,0.0824,False,False,0.0,0.0,0.0,0.0,0.7,0.0,False,keep_baseline,lower_action_disabled_by_validation_gate,defer_human,True
CPL_8,ANS_CPL_464,bnd_human_review,safe,8.0,9.0,9.0,10.0,1.0,1.0,1.0,BND,0.52243,0.1,0.5,0.2,0.133333,0.2,0.0,0.0,0.0,1.0,0.0,False,False,0.2,0.2,0.18,0.0,0.0,0.0,False,keep_baseline,lower_action_disabled_by_validation_gate,defer_human,True
ML_4,ANS_ML_180,bnd_human_review,undercredit,3.0,2.0,2.0,6.0,0.6,1.0,1.0,BND,0.414633,0.0,1.0,0.333333,0.333333,0.0,0.0,1.0,0.0,1.0,0.6078,True,False,0.0,0.0,0.0,0.0,0.5,0.0,False,keep_baseline,lower_action_disabled_by_validation_gate,defer_human,True
CO_13,ANS_CO_1644,bnd_human_review,safe,18.0,18.8,18.8,20.0,2.0,0.8,0.8,BND,0.524461,0.0,0.5,0.216667,0.216667,0.0,0.0,1.0,0.4667,1.0,0.0,False,False,0.0,0.0,0.0,0.0,0.7333,0.0,False,keep_baseline,structured_evidence_confidence_below_threshold,defer_human,True
CO_5,ANS_CO_353,bnd_human_review,safe,12.0,11.2,11.2,15.0,1.5,0.8,0.8,BND,0.422868,0.0,1.0,0.222222,0.222222,0.0,0.0,0.0,0.0,0.6667,0.0,False,False,0.0,0.0,0.0,0.0,0.0,0.0,False,keep_baseline,lower_action_disabled_by_validation_gate,defer_human,True
CPL_4,ANS_CPL_221,bnd_human_review,safe,0.0,0.8,0.8,10.0,1.0,0.8,0.8,BND,0.433223,0.0,1.0,0.083333,0.083333,0.0,0.0,0.0,0.0,0.0,0.0,False,False,0.0,0.0,0.0,0.0,0.0,0.0,False,keep_baseline,lower_action_disabled_by_validation_gate,defer_human,True
CO_6,ANS_CO_433,bnd_human_review,safe,4.0,4.7,4.7,20.0,2.0,0.7,0.7,BND,0.419569,0.0,1.0,0.266667,0.266667,0.0,0.0,0.5714,0.0,0.6875,0.2395,True,False,0.0,0.0,0.0,0.1786,0.2857,0.0,False,keep_baseline,lower_action_disabled_by_validation_gate,defer_human,True
DM_3,ANS_DM_227,bnd_human_review,safe,1.0,0.3,0.3,10.0,1.0,0.7,0.7,BND,0.457048,0.7,0.5,0.8,0.8,0.0,0.0,0.0,0.0,0.0,0.0,False,False,0.0,0.0,0.0,0.0,0.0,0.0,False,keep_baseline,lower_action_disabled_by_validation_gate,defer_human,True
CO_10,ANS_CO_1118,bnd_human_review,safe,4.0,4.5,4.5,15.0,1.5,0.5,0.5,BND,0.403337,0.2,1.0,0.4,0.4,0.0667,0.0,0.0,0.0,0.6667,0.0,False,False,0.0667,0.0667,0.02,0.0,0.0,0.0,False,keep_baseline,lower_action_disabled_by_validation_gate,defer_human,True
CO_12,ANS_CO_1457,bnd_human_review,safe,22.0,21.7,21.7,25.0,2.5,0.3,0.3,BND,0.427499,0.0,1.0,0.16,0.16,0.0,0.0,1.0,0.25,1.0,0.0,False,False,0.0,0.0,0.0,0.0,0.625,0.0,False,keep_baseline,lower_action_disabled_by_validation_gate,defer_human,True
DM_3,ANS_DM_269,bnd_human_review,safe,6.0,6.3,6.3,10.0,1.0,0.3,0.3,BND,0.414633,0.0,1.0,0.333333,0.333333,0.0,0.0,0.0,0.0,0.9,0.0,False,False,0.0,0.0,0.0,0.0,0.75,0.0,False,keep_baseline,lower_action_disabled_by_validation_gate,defer_human,True
POC_3,ANS_POC_282,bnd_human_review,safe,3.0,3.3,3.3,5.0,0.5,0.3,0.3,BND,0.434469,0.0,1.0,0.066667,0.066667,0.0,0.0,0.8,0.4,0.8,0.133,False,False,0.0,0.0,0.0,0.16,0.6,0.0,False,keep_baseline,lower_action_disabled_by_validation_gate,defer_human,True
POC_5,ANS_POC_159,bnd_human_review,safe,4.0,3.7,3.7,5.0,0.5,0.3,0.3,BND,0.434469,0.0,1.0,0.066667,0.066667,0.0,0.0,1.0,0.4,1.0,0.1294,False,False,0.0,0.0,0.0,0.0,0.7,0.0,False,keep_baseline,lower_action_disabled_by_validation_gate,defer_human,True
CO_13,ANS_CO_1531,bnd_human_review,safe,19.0,19.0,19.0,20.0,2.0,0.0,0.0,BND,0.481198,0.0,0.75,0.116667,0.116667,0.0,0.0,1.0,1.0,1.0,0.0,False,False,0.0,0.0,0.0,0.0,1.0,0.0,True,keep_baseline,lower_action_disabled_by_validation_gate,defer_human,True
CO_3,ANS_CO_237,bnd_human_review,safe,9.0,9.0,9.0,10.0,1.0,0.0,0.0,BND,0.414633,0.0,1.0,0.333333,0.333333,0.0,0.0,1.0,0.5,1.0,0.0,False,False,0.0,0.0,0.0,0.0,0.75,0.0,False,keep_baseline,lower_action_disabled_by_validation_gate,defer_human,True
DM_2,ANS_DM_106,bnd_human_review,safe,8.0,8.0,8.0,10.0,1.0,0.0,0.0,BND,0.414633,0.0,1.0,0.333333,0.333333,0.0,0.0,0.8571,0.8571,0.9,0.0438,False,False,0.0,0.0,0.08,0.0857,0.75,0.0,True,keep_baseline,lower_action_disabled_by_validation_gate,defer_human,True
ISC_6,ANS_ISC_95,bnd_human_review,safe,5.0,5.0,5.0,6.0,0.6,0.0,0.0,BND,0.40237,0.0,1.0,0.5,0.166667,0.5,0.0,1.0,1.0,1.0,0.0196,False,False,0.5,0.5,0.4167,0.0,1.0,0.5,True,keep_baseline,lower_action_disabled_by_validation_gate,defer_human,True
CO_4,ANS_CO_724,safe_pos,safe,11.0,9.3,9.3,20.0,2.0,1.7,1.7,POS,0.57606,0.0,0.25,0.2,0.133333,0.2,0.0,1.0,0.0,1.0,0.4529,True,False,0.2,0.2,0.093,0.0,0.5,0.0,False,not_bnd,route_not_boundary,auto_accepted,False
CPL_7,ANS_CPL_412,safe_pos,safe,12.0,10.5,10.5,15.0,1.5,1.5,1.5,POS,0.540884,0.0,0.5,0.0,0.0,0.0,0.0,1.0,0.0,1.0,0.1765,False,False,0.0,0.0,0.0,0.0,0.5,0.0,False,not_bnd,route_not_boundary,auto_accepted,False
CO_12,ANS_CO_1336,safe_pos,safe,14.0,15.3,15.3,25.0,2.5,1.3,1.3,POS,0.573053,0.0,0.3,0.106667,0.106667,0.0,0.0,1.0,0.0,1.0,0.28,False,False,0.0,0.0,0.0,0.0,0.5,0.0,False,not_bnd,route_not_boundary,auto_accepted,False
CO_8,ANS_CO_892,safe_pos,safe,7.0,6.2,6.2,10.0,1.0,0.8,0.8,POS,0.639027,0.0,0.0,0.0,0.0,0.0,0.0,0.5,0.5,0.75,0.0926,False,False,0.0,0.0,0.0,0.125,0.5,0.0,False,not_bnd,route_not_boundary,auto_accepted,False
CPL_4,ANS_CPL_187,safe_pos,safe,9.0,9.8,9.8,10.0,1.0,0.8,0.8,POS,0.584712,0.0,0.25,0.083333,0.083333,0.0,0.0,0.0,0.0,0.0,0.0,False,False,0.0,0.0,0.0,0.0,0.0,0.0,False,not_bnd,route_not_boundary,auto_accepted,False
CO_12,ANS_CO_1379,safe_pos,safe,16.0,16.7,16.7,25.0,2.5,0.7,0.7,POS,0.548392,0.08,0.4,0.133333,0.133333,0.0,0.0,1.0,0.75,1.0,0.2141,False,False,0.0,0.0,0.0,0.0,0.875,0.0,True,not_bnd,route_not_boundary,auto_accepted,False
CO_8,ANS_CO_852,safe_pos,safe,8.0,7.3,7.3,10.0,1.0,0.7,0.7,POS,0.578537,0.0,0.25,0.166667,0.166667,0.0,0.0,0.5,0.5,0.75,0.0483,False,False,0.0,0.0,0.0912,0.125,0.5,0.0,False,not_bnd,route_not_boundary,auto_accepted,False
ISC_2,ANS_ISC_497,safe_pos,safe,3.0,2.5,2.5,5.0,0.5,0.5,0.5,POS,0.639027,0.0,0.0,0.0,0.0,0.0,0.0,1.0,0.0,1.0,0.4118,True,False,0.0,0.0,0.0,0.0,0.5,0.0,False,not_bnd,route_not_boundary,auto_accepted,False
ISC_2,ANS_ISC_516,safe_pos,safe,3.0,2.5,2.5,5.0,0.5,0.5,0.5,POS,0.639027,0.0,0.0,0.0,0.0,0.0,0.0,1.0,0.0,1.0,0.4118,True,False,0.0,0.0,0.0,0.0,0.5,0.0,False,not_bnd,route_not_boundary,auto_accepted,False
ISC_4,ANS_ISC_624,safe_pos,safe,3.0,2.5,2.5,5.0,0.5,0.5,0.5,POS,0.627239,0.0,0.0,0.166667,0.166667,0.0,0.0,0.5,0.5,0.5,0.0849,True,False,0.0,0.0,0.0,0.25,0.5,0.0,False,not_bnd,route_not_boundary,auto_accepted,False
ISC_4,ANS_ISC_628,safe_pos,safe,3.0,2.5,2.5,5.0,0.5,0.5,0.5,POS,0.639027,0.0,0.0,0.0,0.0,0.0,0.0,0.5,0.5,0.5,0.0849,True,False,0.0,0.0,0.0,0.25,0.5,0.0,False,not_bnd,route_not_boundary,auto_accepted,False
ISC_4,ANS_ISC_660,safe_pos,safe,3.0,2.5,2.5,5.0,0.5,0.5,0.5,POS,0.627239,0.0,0.0,0.166667,0.166667,0.0,0.0,0.5,0.5,0.5,0.0849,True,False,0.0,0.0,0.0,0.25,0.5,0.0,False,not_bnd,route_not_boundary,auto_accepted,False
ISC_4,ANS_ISC_672,safe_pos,safe,3.0,2.5,2.5,5.0,0.5,0.5,0.5,POS,0.627239,0.0,0.0,0.166667,0.166667,0.0,0.0,0.5,0.5,0.5,0.0849,True,False,0.0,0.0,0.0,0.25,0.5,0.0,False,not_bnd,route_not_boundary,auto_accepted,False
ISC_4,ANS_ISC_676,safe_pos,safe,3.0,2.5,2.5,5.0,0.5,0.5,0.5,POS,0.639027,0.0,0.0,0.0,0.0,0.0,0.0,0.5,0.5,0.5,0.0849,True,False,0.0,0.0,0.0,0.25,0.5,0.0,False,not_bnd,route_not_boundary,auto_accepted,False
ISC_4,ANS_ISC_682,safe_pos,safe,2.0,2.5,2.5,5.0,0.5,0.5,0.5,POS,0.627239,0.0,0.0,0.166667,0.166667,0.0,0.0,0.5,0.5,0.5,0.1029,True,True,0.0,0.0,0.0,0.25,0.5,0.0,False,not_bnd,route_not_boundary,auto_accepted,False
CO_4,ANS_CO_654,safe_pos,safe,20.0,19.7,19.7,20.0,2.0,0.3,0.3,POS,0.583479,0.0,0.25,0.1,0.083333,0.1,0.0,1.0,1.0,1.0,0.0,False,False,0.1,0.1,0.0985,0.0,1.0,0.0,True,not_bnd,route_not_boundary,auto_accepted,False
CO_4,ANS_CO_713,safe_pos,safe,20.0,19.7,19.7,20.0,2.0,0.3,0.3,POS,0.578537,0.0,0.25,0.166667,0.166667,0.1,0.0,1.0,1.0,1.0,0.0,False,False,0.1,0.1,0.0985,0.0,1.0,0.0,True,not_bnd,route_not_boundary,auto_accepted,False
CO_10,ANS_CO_1102,safe_pos,safe,11.0,11.2,11.2,15.0,1.5,0.2,0.2,POS,0.533644,0.066667,0.5,0.0667,0.066667,0.0667,0.0,0.5,0.5,0.7778,0.0473,False,False,0.0667,0.0667,0.083,0.1111,0.0,0.0,False,not_bnd,route_not_boundary,auto_accepted,False
CO_3,ANS_CO_152,safe_pos,safe,2.0,1.8,1.8,10.0,1.0,0.2,0.2,POS,0.59086,0.0,0.25,0.0,0.0,0.0,0.0,1.0,0.0,1.0,0.7882,True,False,0.0,0.0,0.0,0.0,0.5,0.0,False,not_bnd,route_not_boundary,auto_accepted,False
CPL_6,ANS_CPL_319,safe_pos,safe,7.0,6.8,6.8,10.0,1.0,0.2,0.2,POS,0.57606,0.0,0.25,0.2,0.2,0.0,0.0,1.0,1.0,0.8,0.16,False,False,0.0,0.0,0.0,0.2,1.0,0.0,True,not_bnd,route_not_boundary,auto_accepted,False
ISC_2,ANS_ISC_504,safe_pos,safe,3.0,2.8,2.8,5.0,0.5,0.2,0.2,POS,0.540884,0.0,0.5,0.0,0.0,0.0,0.0,1.0,0.0,1.0,0.3412,True,False,0.0,0.0,0.0,0.0,0.5,0.0,False,not_bnd,route_not_boundary,auto_accepted,False
CO_1,ANS_CO_23,safe_pos,safe,5.0,5.0,5.0,5.0,0.5,0.0,0.0,POS,0.639027,0.0,0.0,0.0,0.0,0.0,0.0,1.0,1.0,1.0,0.0,False,False,0.0,0.0,0.0,0.0,1.0,0.0,True,not_bnd,route_not_boundary,auto_accepted,False
CO_1,ANS_CO_32,safe_pos,safe,5.0,5.0,5.0,5.0,0.5,0.0,0.0,POS,0.639027,0.0,0.0,0.0,0.0,0.0,0.0,1.0,1.0,1.0,0.0,False,False,0.0,0.0,0.0,0.0,1.0,0.0,True,not_bnd,route_not_boundary,auto_accepted,False
CO_1,ANS_CO_37,safe_pos,safe,0.0,0.0,0.0,5.0,0.5,0.0,0.0,POS,0.608292,0.3,0.0,0.3,0.3,0.0,0.0,0.0,0.0,0.0,0.0,False,False,0.0,0.0,0.0,0.0,0.0,0.0,False,not_bnd,route_not_boundary,auto_accepted,False
CO_1,ANS_CO_44,safe_pos,safe,2.0,2.0,2.0,5.0,0.5,0.0,0.0,POS,0.608292,0.3,0.0,0.3,0.3,0.0,0.0,0.4,0.4,0.4,0.0758,True,False,0.0,0.0,0.0,0.24,0.0,0.0,False,not_bnd,route_not_boundary,auto_accepted,False
CO_1,ANS_CO_47,safe_pos,safe,5.0,5.0,5.0,5.0,0.5,0.0,0.0,POS,0.639027,0.0,0.0,0.0,0.0,0.0,0.0,1.0,1.0,1.0,0.0,False,False,0.0,0.0,0.0,0.0,1.0,0.0,True,not_bnd,route_not_boundary,auto_accepted,False
CO_1,ANS_CO_58,safe_pos,safe,5.0,5.0,5.0,5.0,0.5,0.0,0.0,POS,0.639027,0.0,0.0,0.0,0.0,0.0,0.0,1.0,1.0,1.0,0.0,False,False,0.0,0.0,0.0,0.0,1.0,0.0,True,not_bnd,route_not_boundary,auto_accepted,False
CO_1,ANS_CO_61,safe_pos,safe,2.0,2.0,2.0,5.0,0.5,0.0,0.0,POS,0.608292,0.3,0.0,0.3,0.3,0.0,0.0,0.4,0.4,0.4,0.0758,True,False,0.0,0.0,0.0,0.24,0.0,0.0,False,not_bnd,route_not_boundary,auto_accepted,False
CO_1,ANS_CO_73,safe_pos,safe,5.0,5.0,5.0,5.0,0.5,0.0,0.0,POS,0.639027,0.0,0.0,0.0,0.0,0.0,0.0,1.0,1.0,1.0,0.0,False,False,0.0,0.0,0.0,0.0,1.0,0.0,True,not_bnd,route_not_boundary,auto_accepted,False
CO_1,ANS_CO_76,safe_pos,safe,5.0,5.0,5.0,5.0,0.5,0.0,0.0,POS,0.639027,0.0,0.0,0.0,0.0,0.0,0.0,1.0,1.0,1.0,0.0,False,False,0.0,0.0,0.0,0.0,1.0,0.0,True,not_bnd,route_not_boundary,auto_accepted,False
CO_1,ANS_CO_87,safe_pos,safe,0.0,0.0,0.0,5.0,0.5,0.0,0.0,POS,0.608292,0.3,0.0,0.3,0.3,0.0,0.0,0.0,0.0,0.0,0.0,False,False,0.0,0.0,0.0,0.0,0.0,0.0,False,not_bnd,route_not_boundary,auto_accepted,False
CO_1,ANS_CO_88,safe_pos,safe,5.0,5.0,5.0,5.0,0.5,0.0,0.0,POS,0.639027,0.0,0.0,0.0,0.0,0.0,0.0,1.0,1.0,1.0,0.0,False,False,0.0,0.0,0.0,0.0,1.0,0.0,True,not_bnd,route_not_boundary,auto_accepted,False
CO_11,ANS_CO_1213,safe_pos,safe,0.0,0.0,0.0,15.0,1.5,0.0,0.0,POS,0.583764,0.533333,0.0,0.533333,0.533333,0.0,0.0,0.0,0.0,0.0,0.0,False,False,0.0,0.0,0.0,0.0,0.0,0.0,False,not_bnd,route_not_boundary,auto_accepted,False
CO_11,ANS_CO_1290,safe_pos,safe,0.0,0.0,0.0,15.0,1.5,0.0,0.0,POS,0.555222,0.8,0.0,0.8,0.8,0.0,0.0,0.0,0.0,0.0,0.0,False,False,0.0,0.0,0.0,0.0,0.0,0.0,False,not_bnd,route_not_boundary,auto_accepted,False
CO_12,ANS_CO_1324,safe_pos,safe,0.0,0.0,0.0,25.0,2.5,0.0,0.0,POS,0.585178,0.52,0.0,0.52,0.52,0.0,0.0,0.0,0.0,0.0,0.0,False,False,0.0,0.0,0.0,0.0,0.0,0.0,False,not_bnd,route_not_boundary,auto_accepted,False
CO_2,ANS_CO_536,safe_pos,safe,20.0,20.0,20.0,20.0,2.0,0.0,0.0,POS,0.627239,0.0,0.0,0.166667,0.166667,0.0,0.0,1.0,1.0,1.0,0.0,False,False,0.0,0.0,0.0,0.0,1.0,0.0,True,not_bnd,route_not_boundary,auto_accepted,False
CO_3,ANS_CO_160,safe_pos,safe,10.0,10.0,10.0,10.0,1.0,0.0,0.0,POS,0.639027,0.0,0.0,0.0,0.0,0.0,0.0,1.0,1.0,1.0,0.0,False,False,0.0,0.0,0.0,0.0,1.0,0.0,True,not_bnd,route_not_boundary,auto_accepted,False
CO_4,ANS_CO_710,safe_pos,safe,20.0,20.0,20.0,20.0,2.0,0.0,0.0,POS,0.624863,0.0,0.0,0.2,0.0,0.2,0.0,1.0,1.0,1.0,0.0,False,False,0.2,0.2,0.2,0.0,1.0,0.0,True,not_bnd,route_not_boundary,auto_accepted,False
CO_5,ANS_CO_292,safe_pos,safe,15.0,15.0,15.0,15.0,1.5,0.0,0.0,POS,0.635116,0.0,0.0,0.055556,0.055556,0.0,0.0,1.0,1.0,1.0,0.0,False,False,0.0,0.0,0.0,0.0,1.0,0.0,True,not_bnd,route_not_boundary,auto_accepted,False
CO_5,ANS_CO_334,safe_pos,safe,0.0,0.0,0.0,15.0,1.5,0.0,0.0,POS,0.533563,1.0,0.0,1.0,1.0,0.0,0.0,0.0,0.0,0.0,0.0,False,False,0.0,0.0,0.0,0.0,0.0,0.0,False,not_bnd,route_not_boundary,auto_accepted,False
CO_5,ANS_CO_344,safe_pos,safe,15.0,15.0,15.0,15.0,1.5,0.0,0.0,POS,0.639027,0.0,0.0,0.0,0.0,0.0,0.0,1.0,1.0,1.0,0.0,False,False,0.0,0.0,0.0,0.0,1.0,0.0,True,not_bnd,route_not_boundary,auto_accepted,False
CO_5,ANS_CO_361,safe_pos,safe,15.0,15.0,15.0,15.0,1.5,0.0,0.0,POS,0.627237,0.0,0.0,0.1667,0.055556,0.1667,0.0,1.0,1.0,1.0,0.0,False,False,0.1667,0.1667,0.1667,0.0,1.0,0.0,True,not_bnd,route_not_boundary,auto_accepted,False
CO_6,ANS_CO_408,safe_pos,safe,0.0,0.0,0.0,20.0,2.0,0.0,0.0,POS,0.533563,1.0,0.0,1.0,1.0,0.0,0.0,0.0,0.0,0.0,0.0,False,False,0.0,0.0,0.0,0.0,0.0,0.0,False,not_bnd,route_not_boundary,auto_accepted,False
CO_7,ANS_CO_457,safe_pos,safe,10.0,10.0,10.0,10.0,1.0,0.0,0.0,POS,0.639027,0.0,0.0,0.0,0.0,0.0,0.0,1.0,1.0,1.0,0.0,False,False,0.0,0.0,0.0,0.0,1.0,0.0,True,not_bnd,route_not_boundary,auto_accepted,False
CO_7,ANS_CO_494,safe_pos,safe,10.0,10.0,10.0,10.0,1.0,0.0,0.0,POS,0.639027,0.0,0.0,0.0,0.0,0.0,0.0,1.0,1.0,1.0,0.0,False,False,0.0,0.0,0.0,0.0,1.0,0.0,True,not_bnd,route_not_boundary,auto_accepted,False
CO_8,ANS_CO_770,safe_pos,safe,10.0,10.0,10.0,10.0,1.0,0.0,0.0,POS,0.627239,0.0,0.0,0.166667,0.166667,0.0,0.0,1.0,1.0,1.0,0.0,False,False,0.0,0.0,0.0,0.0,1.0,0.0,True,not_bnd,route_not_boundary,auto_accepted,False
CO_8,ANS_CO_809,safe_pos,safe,10.0,10.0,10.0,10.0,1.0,0.0,0.0,POS,0.639027,0.0,0.0,0.0,0.0,0.0,0.0,1.0,1.0,1.0,0.0,False,False,0.0,0.0,0.0,0.0,1.0,0.0,True,not_bnd,route_not_boundary,auto_accepted,False
CO_8,ANS_CO_855,safe_pos,safe,10.0,10.0,10.0,10.0,1.0,0.0,0.0,POS,0.639027,0.0,0.0,0.0,0.0,0.0,0.0,1.0,1.0,1.0,0.0,False,False,0.0,0.0,0.0,0.0,1.0,0.0,True,not_bnd,route_not_boundary,auto_accepted,False
CO_8,ANS_CO_877,safe_pos,safe,10.0,10.0,10.0,10.0,1.0,0.0,0.0,POS,0.639027,0.0,0.0,0.0,0.0,0.0,0.0,1.0,1.0,1.0,0.0,False,False,0.0,0.0,0.0,0.0,1.0,0.0,True,not_bnd,route_not_boundary,auto_accepted,False
CPL_2,ANS_CPL_111,safe_pos,safe,5.0,5.0,5.0,5.0,0.5,0.0,0.0,POS,0.639027,0.0,0.0,0.0,0.0,0.0,0.0,1.0,1.0,1.0,0.0,False,False,0.0,0.0,0.0,0.0,1.0,0.0,True,not_bnd,route_not_boundary,auto_accepted,False
CPL_2,ANS_CPL_113,safe_pos,safe,5.0,5.0,5.0,5.0,0.5,0.0,0.0,POS,0.639027,0.0,0.0,0.0,0.0,0.0,0.0,1.0,1.0,1.0,0.0,False,False,0.0,0.0,0.0,0.0,1.0,0.0,True,not_bnd,route_not_boundary,auto_accepted,False
CPL_2,ANS_CPL_75,safe_pos,safe,0.0,0.0,0.0,5.0,0.5,0.0,0.0,POS,0.639027,0.0,0.0,0.0,0.0,0.0,0.0,0.0,0.0,0.0,0.0,False,False,0.0,0.0,0.0,0.0,0.0,0.0,False,not_bnd,route_not_boundary,auto_accepted,False
CPL_2,ANS_CPL_77,safe_pos,safe,5.0,5.0,5.0,5.0,0.5,0.0,0.0,POS,0.639027,0.0,0.0,0.0,0.0,0.0,0.0,1.0,1.0,1.0,0.0,False,False,0.0,0.0,0.0,0.0,1.0,0.0,True,not_bnd,route_not_boundary,auto_accepted,False
CPL_2,ANS_CPL_78,safe_pos,safe,0.0,0.0,0.0,5.0,0.5,0.0,0.0,POS,0.639027,0.0,0.0,0.0,0.0,0.0,0.0,0.0,0.0,0.0,0.0,False,False,0.0,0.0,0.0,0.0,0.0,0.0,False,not_bnd,route_not_boundary,auto_accepted,False
CPL_2,ANS_CPL_99,safe_pos,safe,5.0,5.0,5.0,5.0,0.5,0.0,0.0,POS,0.639027,0.0,0.0,0.0,0.0,0.0,0.0,1.0,1.0,1.0,0.0,False,False,0.0,0.0,0.0,0.0,1.0,0.0,True,not_bnd,route_not_boundary,auto_accepted,False
CPL_4,ANS_CPL_217,safe_pos,safe,10.0,10.0,10.0,10.0,1.0,0.0,0.0,POS,0.639027,0.0,0.0,0.0,0.0,0.0,0.0,0.0,0.0,0.0,0.0,False,False,0.0,0.0,0.0,0.0,0.0,0.0,False,not_bnd,route_not_boundary,auto_accepted,False
CPL_6,ANS_CPL_302,safe_pos,safe,10.0,10.0,10.0,10.0,1.0,0.0,0.0,POS,0.639027,0.0,0.0,0.0,0.0,0.0,0.0,1.0,1.0,1.0,0.0,False,False,0.0,0.0,0.0,0.0,1.0,0.0,True,not_bnd,route_not_boundary,auto_accepted,False
CPL_6,ANS_CPL_311,safe_pos,safe,10.0,10.0,10.0,10.0,1.0,0.0,0.0,POS,0.639027,0.0,0.0,0.0,0.0,0.0,0.0,1.0,1.0,1.0,0.0,False,False,0.0,0.0,0.0,0.0,1.0,0.0,True,not_bnd,route_not_boundary,auto_accepted,False
CPL_6,ANS_CPL_315,safe_pos,safe,10.0,10.0,10.0,10.0,1.0,0.0,0.0,POS,0.62961,0.0,0.0,0.133333,0.133333,0.0,0.0,1.0,1.0,1.0,0.0,False,False,0.0,0.0,0.0,0.0,1.0,0.0,True,not_bnd,route_not_boundary,auto_accepted,False
CPL_6,ANS_CPL_332,safe_pos,safe,10.0,10.0,10.0,10.0,1.0,0.0,0.0,POS,0.639027,0.0,0.0,0.0,0.0,0.0,0.0,1.0,1.0,1.0,0.0,False,False,0.0,0.0,0.0,0.0,1.0,0.0,True,not_bnd,route_not_boundary,auto_accepted,False
DM_1,ANS_DM_15,safe_pos,safe,8.0,8.0,8.0,8.0,0.8,0.0,0.0,POS,0.619933,0.1875,0.0,0.1875,0.1875,0.0,0.0,1.0,1.0,1.0,0.0,False,False,0.0,0.0,0.0,0.0,1.0,0.0,True,not_bnd,route_not_boundary,auto_accepted,False
DM_1,ANS_DM_44,safe_pos,safe,6.0,6.0,6.0,8.0,0.8,0.0,0.0,POS,0.60699,0.3125,0.0,0.3125,0.3125,0.0,0.0,0.75,0.75,0.75,0.0604,False,False,0.0,0.0,0.1406,0.1875,0.75,0.0,True,not_bnd,route_not_boundary,auto_accepted,False
DM_1,ANS_DM_53,safe_pos,safe,6.0,6.0,6.0,8.0,0.8,0.0,0.0,POS,0.60699,0.3125,0.0,0.3125,0.3125,0.0,0.0,0.75,0.75,0.75,0.0604,False,False,0.0,0.0,0.1406,0.1875,0.75,0.0,True,not_bnd,route_not_boundary,auto_accepted,False
DM_1,ANS_DM_66,safe_pos,safe,7.0,7.0,7.0,8.0,0.8,0.0,0.0,POS,0.610469,0.25,0.0,0.291667,0.291667,0.0,0.0,0.875,0.875,0.875,0.0,False,False,0.0,0.0,0.1094,0.1094,0.875,0.0,True,not_bnd,route_not_boundary,auto_accepted,False
DM_1,ANS_DM_72,safe_pos,safe,7.0,7.0,7.0,8.0,0.8,0.0,0.0,POS,0.639027,0.0,0.0,0.0,0.0,0.0,0.0,0.875,0.875,0.875,0.0,False,False,0.0,0.0,0.1094,0.1094,0.875,0.0,True,not_bnd,route_not_boundary,auto_accepted,False
DM_1,ANS_DM_82,safe_pos,safe,7.0,7.0,7.0,8.0,0.8,0.0,0.0,POS,0.632708,0.0625,0.0,0.0625,0.0625,0.0,0.0,0.875,0.875,0.875,0.0,False,False,0.0,0.0,0.1094,0.1094,0.875,0.0,True,not_bnd,route_not_boundary,auto_accepted,False
DM_1,ANS_DM_88,safe_pos,safe,4.0,4.0,4.0,8.0,0.8,0.0,0.0,POS,0.632708,0.0625,0.0,0.0625,0.0625,0.0,0.0,0.5,0.5,0.5,0.0849,True,False,0.0,0.0,0.0,0.25,0.5,0.0,False,not_bnd,route_not_boundary,auto_accepted,False
DM_2,ANS_DM_108,safe_pos,safe,10.0,10.0,10.0,10.0,1.0,0.0,0.0,POS,0.639027,0.0,0.0,0.0,0.0,0.0,0.0,1.0,1.0,1.0,0.0,False,False,0.0,0.0,0.0,0.0,1.0,0.0,True,not_bnd,route_not_boundary,auto_accepted,False
DM_2,ANS_DM_127,safe_pos,safe,10.0,10.0,10.0,10.0,1.0,0.0,0.0,POS,0.639027,0.0,0.0,0.0,0.0,0.0,0.0,1.0,1.0,1.0,0.0,False,False,0.0,0.0,0.0,0.0,1.0,0.0,True,not_bnd,route_not_boundary,auto_accepted,False
DM_2,ANS_DM_149,safe_pos,safe,0.0,0.0,0.0,10.0,1.0,0.0,0.0,POS,0.541895,0.9,0.0,0.933333,0.933333,0.0,0.0,0.0,0.0,0.0,0.0,False,False,0.0,0.0,0.0,0.0,0.0,0.0,False,not_bnd,route_not_boundary,auto_accepted,False
DM_2,ANS_DM_150,safe_pos,safe,10.0,10.0,10.0,10.0,1.0,0.0,0.0,POS,0.639027,0.0,0.0,0.0,0.0,0.0,0.0,1.0,1.0,1.0,0.0,False,False,0.0,0.0,0.0,0.0,1.0,0.0,True,not_bnd,route_not_boundary,auto_accepted,False
DM_2,ANS_DM_165,safe_pos,safe,10.0,10.0,10.0,10.0,1.0,0.0,0.0,POS,0.639027,0.0,0.0,0.0,0.0,0.0,0.0,1.0,1.0,1.0,0.0,False,False,0.0,0.0,0.0,0.0,1.0,0.0,True,not_bnd,route_not_boundary,auto_accepted,False
DM_3,ANS_DM_186,safe_pos,safe,0.0,0.0,0.0,10.0,1.0,0.0,0.0,POS,0.624863,0.0,0.0,0.2,0.2,0.0,0.0,0.0,0.0,0.0,0.0,False,False,0.0,0.0,0.0,0.0,0.0,0.0,False,not_bnd,route_not_boundary,auto_accepted,False
DM_3,ANS_DM_245,safe_pos,safe,0.0,0.0,0.0,10.0,1.0,0.0,0.0,POS,0.533563,1.0,0.0,1.0,1.0,0.0,0.0,0.0,0.0,0.0,0.0,False,False,0.0,0.0,0.0,0.0,0.0,0.0,False,not_bnd,route_not_boundary,auto_accepted,False
DM_3,ANS_DM_248,safe_pos,safe,10.0,10.0,10.0,10.0,1.0,0.0,0.0,POS,0.639027,0.0,0.0,0.0,0.0,0.0,0.0,1.0,1.0,1.0,0.0,False,False,0.0,0.0,0.0,0.0,1.0,0.0,True,not_bnd,route_not_boundary,auto_accepted,False
ISC_2,ANS_ISC_538,safe_pos,safe,4.0,4.0,4.0,5.0,0.5,0.0,0.0,POS,0.639027,0.0,0.0,0.0,0.0,0.0,0.0,1.0,0.0,1.0,0.0588,False,False,0.0,0.0,0.0,0.0,0.5,0.0,False,not_bnd,route_not_boundary,auto_accepted,False
ISC_4,ANS_ISC_641,safe_pos,safe,0.0,0.0,0.0,5.0,0.5,0.0,0.0,POS,0.533563,1.0,0.0,1.0,1.0,0.0,0.0,0.0,0.0,0.0,0.0,False,False,0.0,0.0,0.0,0.0,0.0,0.0,False,not_bnd,route_not_boundary,auto_accepted,False
ISC_5,ANS_ISC_08,safe_pos,safe,6.0,6.0,6.0,6.0,0.6,0.0,0.0,POS,0.613482,0.25,0.0,0.25,0.25,0.0,0.0,1.0,1.0,1.0,0.0,False,False,0.0,0.0,0.0,0.0,1.0,0.0,True,not_bnd,route_not_boundary,auto_accepted,False
ISC_6,ANS_ISC_90,safe_pos,safe,6.0,6.0,6.0,6.0,0.6,0.0,0.0,POS,0.603216,0.0,0.0,0.5,0.083333,0.5,0.0,1.0,1.0,1.0,0.0,False,False,0.5,0.5,0.5,0.0,1.0,0.5,True,not_bnd,route_not_boundary,auto_accepted,False
ISC_9,ANS_ISC_318,safe_pos,safe,10.0,10.0,10.0,10.0,1.0,0.0,0.0,POS,0.603216,0.0,0.0,0.5,0.0,0.5,0.0,1.0,1.0,1.0,0.0,False,False,0.5,0.5,0.5,0.0,1.0,0.0,True,not_bnd,route_not_boundary,auto_accepted,False
ISC_9,ANS_ISC_328,safe_pos,safe,0.0,0.0,0.0,10.0,1.0,0.0,0.0,POS,0.533563,1.0,0.0,1.0,1.0,0.0,0.0,0.0,0.0,0.0,0.0,False,False,0.0,0.0,0.0,0.0,0.0,0.0,False,not_bnd,route_not_boundary,auto_accepted,False
ML_2,ANS_ML_104,safe_pos,safe,4.0,4.0,4.0,4.0,0.5,0.0,0.0,POS,0.595281,0.25,0.0,0.5,0.25,0.5,0.0,1.0,1.0,1.0,0.0,False,False,0.5,0.5,0.5,0.0,1.0,0.5,True,not_bnd,route_not_boundary,auto_accepted,False
ML_2,ANS_ML_57,safe_pos,safe,4.0,4.0,4.0,4.0,0.5,0.0,0.0,POS,0.595281,0.25,0.0,0.5,0.25,0.5,0.0,1.0,1.0,1.0,0.0,False,False,0.5,0.5,0.5,0.0,1.0,0.5,True,not_bnd,route_not_boundary,auto_accepted,False
ML_2,ANS_ML_61,safe_pos,safe,4.0,4.0,4.0,4.0,0.5,0.0,0.0,POS,0.595281,0.25,0.0,0.5,0.25,0.5,0.0,1.0,1.0,1.0,0.0,False,False,0.5,0.5,0.5,0.0,1.0,0.5,True,not_bnd,route_not_boundary,auto_accepted,False
ML_4,ANS_ML_169,safe_pos,safe,0.0,0.0,0.0,6.0,0.6,0.0,0.0,POS,0.533563,1.0,0.0,1.0,1.0,0.0,0.0,0.0,0.0,0.0,0.0,False,False,0.0,0.0,0.0,0.0,0.0,0.0,False,not_bnd,route_not_boundary,auto_accepted,False
POC_3,ANS_POC_255,safe_pos,safe,5.0,5.0,5.0,5.0,0.5,0.0,0.0,POS,0.639027,0.0,0.0,0.0,0.0,0.0,0.0,1.0,1.0,1.0,0.0,False,False,0.0,0.0,0.0,0.0,1.0,0.0,True,not_bnd,route_not_boundary,auto_accepted,False
POC_3,ANS_POC_271,safe_pos,safe,5.0,5.0,5.0,5.0,0.5,0.0,0.0,POS,0.639027,0.0,0.0,0.0,0.0,0.0,0.0,1.0,1.0,1.0,0.0,False,False,0.0,0.0,0.0,0.0,1.0,0.0,True,not_bnd,route_not_boundary,auto_accepted,False
CO_13,ANS_CO_1604,unsafe_pos,undercredit,14.0,1.2,1.2,20.0,2.0,12.8,12.8,POS,0.566482,0.375,0.125,0.5,0.5,0.0,0.0,0.0,0.0,0.25,0.0,False,False,0.0,0.0,0.0,0.0,0.0,0.0,False,not_bnd,route_not_boundary,auto_accepted,False
CO_5,ANS_CO_313,unsafe_pos,undercredit,8.0,0.0,0.0,15.0,1.5,8.0,8.0,POS,0.600767,0.333333,0.0,0.388889,0.388889,0.0,0.0,0.0,0.0,0.0,0.0,False,False,0.0,0.0,0.0,0.0,0.0,0.0,False,not_bnd,route_not_boundary,auto_accepted,False
CO_5,ANS_CO_373,unsafe_pos,undercredit,8.0,0.0,0.0,15.0,1.5,8.0,8.0,POS,0.604818,0.333333,0.0,0.333333,0.333333,0.0,0.0,0.0,0.0,0.0,0.0,False,False,0.0,0.0,0.0,0.0,0.0,0.0,False,not_bnd,route_not_boundary,auto_accepted,False
CO_7,ANS_CO_459,unsafe_pos,undercredit,8.0,0.0,0.0,10.0,1.0,8.0,8.0,POS,0.639027,0.0,0.0,0.0,0.0,0.0,0.0,0.0,0.0,0.0,0.0,False,False,0.0,0.0,0.0,0.0,0.0,0.0,False,not_bnd,route_not_boundary,auto_accepted,False
ML_4,ANS_ML_181,unsafe_pos,undercredit,6.0,0.0,0.0,6.0,0.6,6.0,6.0,POS,0.639027,0.0,0.0,0.0,0.0,0.0,0.0,0.0,0.0,0.0,0.0,False,False,0.0,0.0,0.0,0.0,0.0,0.0,False,not_bnd,route_not_boundary,auto_accepted,False
CO_13,ANS_CO_1633,unsafe_pos,undercredit,9.0,3.2,3.2,20.0,2.0,5.8,5.8,POS,0.549768,0.0,0.375,0.216667,0.216667,0.0,0.0,0.4667,0.0,0.6,0.1955,True,False,0.0,0.0,0.0,0.1867,0.2333,0.0,False,not_bnd,route_not_boundary,auto_accepted,False
CO_10,ANS_CO_1101,unsafe_pos,undercredit,12.0,6.5,6.5,15.0,1.5,5.5,5.5,POS,0.549278,0.233333,0.333333,0.233333,0.233333,0.0667,0.0,0.5,0.5,0.8889,0.2179,True,False,0.0667,0.0667,0.0289,0.0556,0.0,0.0,False,not_bnd,route_not_boundary,auto_accepted,False
CO_6,ANS_CO_420,unsafe_pos,undercredit,16.0,10.5,10.5,20.0,2.0,5.5,5.5,POS,0.554788,0.0,0.375,0.15,0.15,0.0,0.0,0.5714,0.5714,0.6875,0.1502,True,False,0.0,0.0,0.0,0.1786,0.5714,0.0,False,not_bnd,route_not_boundary,auto_accepted,False
CO_5,ANS_CO_356,unsafe_pos,undercredit,15.0,9.6,9.6,15.0,1.5,5.4,5.4,POS,0.545133,0.0,0.416667,0.166667,0.166667,0.0,0.0,1.0,1.0,0.6667,0.1647,False,False,0.0,0.0,0.0,0.3333,1.0,0.0,True,not_bnd,route_not_boundary,auto_accepted,False
CO_12,ANS_CO_1405,unsafe_pos,undercredit,17.0,12.0,12.0,25.0,2.5,5.0,5.0,POS,0.539936,0.0,0.4,0.28,0.28,0.0,0.0,1.0,0.5,0.8,0.3239,True,True,0.0,0.0,0.0,0.2,0.75,0.0,False,not_bnd,route_not_boundary,auto_accepted,False
CPL_4,ANS_CPL_214,unsafe_pos,undercredit,5.0,0.0,0.0,10.0,1.0,5.0,5.0,POS,0.639027,0.0,0.0,0.0,0.0,0.0,0.0,0.0,0.0,0.0,0.0,False,False,0.0,0.0,0.0,0.0,0.0,0.0,False,not_bnd,route_not_boundary,auto_accepted,False
ISC_6,ANS_ISC_112,unsafe_pos,undercredit,6.0,1.5,1.5,6.0,0.6,4.5,4.5,POS,0.587296,0.5,0.0,0.5,0.5,0.0,0.0,0.25,0.25,0.25,0.0441,False,False,0.0,0.0,0.0,0.1875,0.25,0.0,False,not_bnd,route_not_boundary,auto_accepted,False
ISC_6,ANS_ISC_99,unsafe_pos,undercredit,6.0,1.5,1.5,6.0,0.6,4.5,4.5,POS,0.587296,0.5,0.0,0.5,0.5,0.0,0.0,0.25,0.25,0.25,0.0441,False,False,0.0,0.0,0.0,0.1875,0.25,0.0,False,not_bnd,route_not_boundary,auto_accepted,False
CO_11,ANS_CO_1300,unsafe_pos,undercredit,5.0,1.0,1.0,15.0,1.5,4.0,4.0,POS,0.565978,0.7,0.0,0.7,0.7,0.0,0.0,0.1818,0.1818,0.0833,0.0135,False,False,0.0,0.0,0.0,0.1667,0.1053,0.0,False,not_bnd,route_not_boundary,auto_accepted,False
CO_10,ANS_CO_1082,unsafe_pos,undercredit,15.0,12.0,12.0,15.0,1.5,3.0,3.0,POS,0.613843,0.2,0.0,0.2667,0.2,0.2667,0.0,1.0,1.0,1.0,0.0588,False,False,0.2667,0.2667,0.2133,0.0,0.0,0.0,False,not_bnd,route_not_boundary,auto_accepted,False
CO_2,ANS_CO_566,unsafe_pos,undercredit,5.0,2.0,2.0,20.0,2.0,3.0,3.0,POS,0.544413,0.9,0.0,0.9,0.9,0.0,0.0,0.1,0.1,0.1,0.0088,False,False,0.0,0.0,0.0,0.09,0.1,0.0,False,not_bnd,route_not_boundary,auto_accepted,False
DM_3,ANS_DM_274,unsafe_pos,overcredit,7.0,10.0,10.0,10.0,1.0,3.0,3.0,POS,0.610482,0.0,0.0,0.4,0.0,0.4,0.0,1.0,1.0,1.0,0.0,False,False,0.4,0.4,0.4,0.0,1.0,0.0,True,not_bnd,route_not_boundary,auto_accepted,False
ISC_6,ANS_ISC_104,unsafe_pos,undercredit,6.0,3.0,3.0,6.0,0.6,3.0,3.0,POS,0.574943,0.5,0.0,0.666667,0.666667,0.0,0.0,0.5,0.5,0.5,0.1029,True,True,0.0,0.0,0.0,0.25,0.5,0.0,False,not_bnd,route_not_boundary,auto_accepted,False
CO_10,ANS_CO_1116,unsafe_pos,undercredit,12.0,9.3,9.3,15.0,1.5,2.7,2.7,POS,0.602307,0.0,0.166667,0.0667,0.022222,0.0667,0.0,0.5,0.5,0.5556,0.0752,False,False,0.0667,0.0667,0.0413,0.2222,0.0,0.0,False,not_bnd,route_not_boundary,auto_accepted,False
ML_1,ANS_ML_45,unsafe_pos,undercredit,4.0,1.5,1.5,4.0,0.5,2.5,2.5,POS,0.639027,0.0,0.0,0.0,0.0,0.0,0.0,1.0,0.0,1.0,0.5588,True,False,0.0,0.0,0.0,0.0,0.5,0.0,False,not_bnd,route_not_boundary,auto_accepted,False
CO_13,ANS_CO_1612,unsafe_pos,overcredit,15.0,17.3,17.3,20.0,2.0,2.3,2.3,POS,0.59086,0.0,0.25,0.0,0.0,0.0,0.0,1.0,1.0,1.0,0.0,False,False,0.0,0.0,0.0,0.0,1.0,0.0,True,not_bnd,route_not_boundary,auto_accepted,False
ISC_3,ANS_ISC_598,unsafe_pos,undercredit,4.0,1.7,1.7,5.0,0.5,2.3,2.3,POS,0.623275,0.0,0.0,0.222222,0.222222,0.0,0.0,0.3333,0.3333,0.3333,0.0511,False,False,0.0,0.0,0.0,0.2222,0.3333,0.0,False,not_bnd,route_not_boundary,auto_accepted,False
DM_2,ANS_DM_170,unsafe_pos,undercredit,2.0,0.0,0.0,10.0,1.0,2.0,2.0,POS,0.540634,0.9,0.0,0.95,0.95,0.0,0.0,0.0,0.0,0.0,0.0,False,False,0.0,0.0,0.0,0.0,0.0,0.0,False,not_bnd,route_not_boundary,auto_accepted,False
ISC_9,ANS_ISC_369,unsafe_pos,undercredit,2.0,0.0,0.0,10.0,1.0,2.0,2.0,POS,0.639027,0.0,0.0,0.0,0.0,0.0,0.0,0.0,0.0,0.0,0.0,False,False,0.0,0.0,0.0,0.0,0.0,0.0,False,not_bnd,route_not_boundary,auto_accepted,False
ML_1,ANS_ML_55,unsafe_pos,undercredit,2.0,0.0,0.0,4.0,0.5,2.0,2.0,POS,0.615298,0.0,0.0,0.333333,0.333333,0.0,0.0,0.0,0.0,0.0,0.0,False,False,0.0,0.0,0.0,0.0,0.0,0.0,False,not_bnd,route_not_boundary,auto_accepted,False
ML_2,ANS_ML_109,unsafe_pos,undercredit,2.0,0.0,0.0,4.0,0.5,2.0,2.0,POS,0.560607,0.75,0.0,0.75,0.75,0.0,0.0,0.0,0.0,0.0,0.0,False,False,0.0,0.0,0.0,0.0,0.0,0.0,False,not_bnd,route_not_boundary,auto_accepted,False
ML_4,ANS_ML_204,unsafe_pos,undercredit,5.0,3.0,3.0,6.0,0.6,2.0,2.0,POS,0.639027,0.0,0.0,0.0,0.0,0.0,0.0,1.0,0.0,1.0,0.4118,True,False,0.0,0.0,0.0,0.0,0.5,0.0,False,not_bnd,route_not_boundary,auto_accepted,False
POC_3,ANS_POC_250,unsafe_pos,undercredit,2.0,0.0,0.0,5.0,0.5,2.0,2.0,POS,0.639027,0.0,0.0,0.0,0.0,0.0,0.0,0.0,0.0,0.0,0.0,False,False,0.0,0.0,0.0,0.0,0.0,0.0,False,not_bnd,route_not_boundary,auto_accepted,False
CPL_7,ANS_CPL_372,unsafe_pos,undercredit,15.0,13.2,13.2,15.0,1.5,1.8,1.8,POS,0.607162,0.0,0.166667,0.0,0.0,0.0,0.0,1.0,0.6667,1.0,0.0,False,False,0.0,0.0,0.0,0.0,0.8333,0.0,True,not_bnd,route_not_boundary,auto_accepted,False
ISC_6,ANS_ISC_116,unsafe_pos,undercredit,6.0,4.5,4.5,6.0,0.6,1.5,1.5,POS,0.613482,0.25,0.0,0.25,0.25,0.0,0.0,0.75,0.75,0.75,0.0662,False,False,0.0,0.0,0.1406,0.1875,0.75,0.0,True,not_bnd,route_not_boundary,auto_accepted,False
ISC_6,ANS_ISC_83,unsafe_pos,undercredit,6.0,4.5,4.5,6.0,0.6,1.5,1.5,POS,0.607447,0.25,0.0,0.333333,0.333333,0.25,0.0,0.75,0.75,0.75,0.0662,False,False,0.25,0.25,0.1875,0.1875,0.75,0.25,True,not_bnd,route_not_boundary,auto_accepted,False
CPL_8,ANS_CPL_445,unsafe_pos,overcredit,0.0,1.3,1.3,10.0,1.0,1.3,1.3,POS,0.538363,0.0,0.5,0.033333,0.033333,0.0,0.0,0.0,0.0,0.1,0.0,False,False,0.0,0.0,0.0,0.0,0.0,0.0,False,not_bnd,route_not_boundary,auto_accepted,False
ML_2,ANS_ML_105,unsafe_pos,undercredit,4.0,2.7,2.7,4.0,0.5,1.3,1.3,POS,0.586482,0.5,0.004125,0.5,0.5,0.5,0.0,1.0,0.5,1.0,0.2059,False,False,0.5,0.5,0.3375,0.0,0.75,0.5,False,not_bnd,route_not_boundary,auto_accepted,False
CO_3,ANS_CO_217,unsafe_pos,undercredit,9.0,7.8,7.8,10.0,1.0,1.2,1.2,POS,0.59086,0.0,0.25,0.0,0.0,0.0,0.0,1.0,0.0,1.0,0.0824,False,False,0.0,0.0,0.0,0.0,0.5,0.0,False,not_bnd,route_not_boundary,auto_accepted,False
ISC_5,ANS_ISC_51,unsafe_pos,undercredit,3.0,1.9,1.9,6.0,0.6,1.1,1.1,POS,0.545651,0.5,0.208333,0.5,0.5,0.0,0.0,0.5,0.0,0.5,0.1569,True,False,0.0,0.0,0.0,0.25,0.25,0.0,False,not_bnd,route_not_boundary,auto_accepted,False
CO_1,ANS_CO_132,unsafe_pos,undercredit,2.0,1.0,1.0,5.0,0.5,1.0,1.0,POS,0.622481,0.0,0.0,0.233333,0.233333,0.0,0.0,0.3,0.0,0.3,0.052,False,False,0.0,0.0,0.0,0.21,0.0,0.0,False,not_bnd,route_not_boundary,auto_accepted,False
ML_2,ANS_ML_58,unsafe_pos,undercredit,3.0,2.0,2.0,4.0,0.5,1.0,1.0,POS,0.595281,0.25,0.0,0.5,0.25,0.5,0.0,0.5,0.5,0.5,0.1029,False,False,0.5,0.5,0.25,0.25,0.5,0.5,False,not_bnd,route_not_boundary,auto_accepted,False
ISC_2,ANS_ISC_495,unsafe_pos,undercredit,4.0,3.3,3.3,5.0,0.5,0.7,0.7,POS,0.540884,0.0,0.5,0.0,0.0,0.0,0.0,1.0,0.0,1.0,0.2235,False,False,0.0,0.0,0.0,0.0,0.5,0.0,False,not_bnd,route_not_boundary,auto_accepted,False
ISC_3,ANS_ISC_556,unsafe_pos,undercredit,4.0,3.3,3.3,5.0,0.5,0.7,0.7,POS,0.604818,0.333333,0.0,0.333333,0.333333,0.0,0.0,0.6667,0.6667,0.6667,0.0993,False,False,0.0,0.0,0.0,0.2222,0.6667,0.0,False,not_bnd,route_not_boundary,auto_accepted,False
