run_id,component,n,mean_gain,improved,unchanged,worsened
mohler_external_test_private_a3wa_20260807_230934,three_way_core,331,0.0513595166163142,21,309,1
mohler_external_test_private_a3wa_20260807_230934,validation_residual,331,0.1637462235649547,121,185,25
mohler_external_test_private_a3wa_20260807_230934,full_three_way,331,0.21510574018126888,128,182,21
mohler_external_repeat2_private_a3wa_20260808_143925,three_way_core,331,0.03172205438066465,12,318,1
mohler_external_repeat2_private_a3wa_20260808_143925,validation_residual,331,0.17069486404833836,120,188,23
mohler_external_repeat2_private_a3wa_20260808_143925,full_three_way,331,0.20241691842900303,123,186,22
mohler_external_repeat3_private_a3wa_20260808_143925,three_way_core,331,0.03172205438066465,14,317,0
mohler_external_repeat3_private_a3wa_20260808_143925,validation_residual,331,0.19697885196374623,132,187,12
mohler_external_repeat3_private_a3wa_20260808_143925,full_three_way,331,0.2287009063444109,135,186,10
