question_id,student_id,teacher_score,baseline_score,tolerance,undercredit_unsafe,overcredit_unsafe,unsafe,U_E,U_S,U_R,U_R_undercredit_existing,U_R_allocation_undercredit,U_R_allocation_overcredit,U_R_allocation_disagreement,U_R_deterministic_undercredit,U_R_deterministic_overcredit,deterministic_coverage,missing_judgement_risk,fusion_status,undercredit_probability,overcredit_probability,combined_probability,oof_threshold,oof_route,inner_threshold_feasible
CO_1,ANS_CO_134,5.0,0.3,0.5,True,False,True,0.3,1.0,0.4,0.0,0.133333,0.066667,0.2,0.904762,0.0,0.7,0.0,diagnostic_only,0.7802180296056505,0.4424975005062079,0.7802180296056505,0.5233849746347494,BND,False
CO_1,ANS_CO_132,2.0,1.0,0.5,True,False,True,0.0,0.0,0.233333,0.052,0.2,0.2,0.4,0.466667,0.066667,1.0,0.0,diagnostic_only,0.7178188021788792,0.18091811407955893,0.7178188021788792,0.5233849746347494,BND,False
CO_1,ANS_CO_23,5.0,5.0,0.5,False,False,False,0.0,0.0,0.0,0.0,0.0,0.0,0.0,0.0,0.0,0.3,0.0,diagnostic_only,0.20371423637942687,0.21331813108686803,0.21331813108686803,0.5233849746347494,POS,False
CO_1,ANS_CO_32,5.0,5.0,0.5,False,False,False,0.0,0.0,0.0,0.0,0.0,0.0,0.0,0.0,0.0,1.0,0.0,diagnostic_only,0.20371423637942687,0.21331813108686803,0.21331813108686803,0.5233849746347494,POS,False
CO_1,ANS_CO_37,0.0,0.0,0.5,False,False,False,0.3,0.0,0.3,0.0,0.0,0.0,0.0,1.0,0.0,0.7,0.0,diagnostic_only,0.6222120161192967,0.08219824383559936,0.6222120161192967,0.5233849746347494,BND,False
CO_1,ANS_CO_44,2.0,2.0,0.5,False,False,False,0.3,0.0,0.3,0.0758,0.0,0.0,0.0,0.428571,0.0,0.7,0.0,diagnostic_only,0.534084994725725,0.08219824383559936,0.534084994725725,0.5233849746347494,BND,False
CO_1,ANS_CO_47,5.0,5.0,0.5,False,False,False,0.0,0.0,0.0,0.0,0.0,0.0,0.0,0.0,0.0,0.7,0.0,diagnostic_only,0.20371423637942687,0.21331813108686803,0.21331813108686803,0.5233849746347494,POS,False
CO_1,ANS_CO_58,5.0,5.0,0.5,False,False,False,0.0,0.0,0.0,0.0,0.0,0.0,0.0,0.0,0.4,1.0,0.0,diagnostic_only,0.20371423637942687,0.5160174762045352,0.5160174762045352,0.5233849746347494,POS,False
CO_1,ANS_CO_61,2.0,2.0,0.5,False,False,False,0.3,0.0,0.3,0.0758,0.0,0.0,0.0,0.428571,0.0,0.7,0.0,diagnostic_only,0.534084994725725,0.08219824383559936,0.534084994725725,0.5233849746347494,BND,False
CO_1,ANS_CO_73,5.0,5.0,0.5,False,False,False,0.0,0.0,0.0,0.0,0.0,0.0,0.0,0.0,0.0,1.0,0.0,diagnostic_only,0.20371423637942687,0.21331813108686803,0.21331813108686803,0.5233849746347494,POS,False
CO_1,ANS_CO_76,5.0,5.0,0.5,False,False,False,0.0,0.0,0.0,0.0,0.0,0.0,0.0,0.0,0.4,1.0,0.0,diagnostic_only,0.20371423637942687,0.5160174762045352,0.5160174762045352,0.5233849746347494,POS,False
CO_1,ANS_CO_87,0.0,0.0,0.5,False,False,False,0.3,0.0,0.3,0.0,0.0,0.0,0.0,0.0,0.0,0.7,0.0,diagnostic_only,0.3198792737349017,0.08219824383559936,0.3198792737349017,0.5233849746347494,POS,False
CO_1,ANS_CO_88,5.0,5.0,0.5,False,False,False,0.0,0.0,0.0,0.0,0.0,0.0,0.0,0.0,0.0,1.0,0.0,diagnostic_only,0.20371423637942687,0.21331813108686803,0.21331813108686803,0.5233849746347494,POS,False
CO_10,ANS_CO_1085,6.0,0.7,1.5,True,False,True,0.733333,0.333333,0.755556,0.0525,0.022222,0.044444,0.066667,0.259259,0.0,0.6,0.0,diagnostic_only,0.6678467400636885,0.03518161724287921,0.6678467400636885,0.5130630760339101,BND,False
CO_10,ANS_CO_1082,15.0,12.0,1.5,True,False,True,0.2,0.0,0.266667,0.0588,0.0,0.0,0.0,0.0,0.444444,0.6,0.0,diagnostic_only,0.31834965336543053,0.4060569666737435,0.4060569666737435,0.5130630760339101,POS,False
CO_10,ANS_CO_1091,8.0,1.5,1.5,True,False,True,0.4,0.5,0.511111,0.0,0.066667,0.033333,0.1,0.611111,0.0,0.6,0.0,diagnostic_only,0.5870333688066174,0.18373590400392123,0.5870333688066174,0.5130630760339101,BND,False
CO_10,ANS_CO_1095,8.0,6.3,1.5,True,False,True,0.066667,0.833333,0.266667,0.183,0.111111,0.155556,0.266667,0.12963,0.277778,0.6,0.0,diagnostic_only,0.6684486503921696,0.7233923698468229,0.7233923698468229,0.5130630760339101,BND,False
CO_10,ANS_CO_1101,12.0,6.5,1.5,True,False,True,0.233333,0.333333,0.233333,0.2179,0.033333,0.033333,0.066667,0.166667,0.277778,0.6,0.0,diagnostic_only,0.6109443647808481,0.35760128505559297,0.6109443647808481,0.5130630760339101,BND,False
CO_10,ANS_CO_1102,11.0,11.2,1.5,False,False,False,0.066667,0.5,0.066667,0.0473,0.055556,0.044444,0.1,0.203704,0.111111,0.6,0.0,diagnostic_only,0.3957766194511803,0.4391546541433569,0.4391546541433569,0.5130630760339101,POS,False
CO_10,ANS_CO_1115,7.0,3.0,1.5,True,False,True,0.466667,0.833333,0.533333,0.1699,0.1,0.066667,0.166667,0.333333,0.222222,0.6,0.0,diagnostic_only,0.7959596635518348,0.40033381186864386,0.7959596635518348,0.5130630760339101,BND,False
CO_10,ANS_CO_1116,12.0,9.3,1.5,True,False,True,0.0,0.166667,0.066667,0.0752,0.044444,0.055556,0.1,0.37037,0.111111,0.6,0.0,diagnostic_only,0.40012038483076684,0.3235526073309292,0.40012038483076684,0.5130630760339101,POS,False
CO_10,ANS_CO_1118,4.0,4.5,1.5,False,False,False,0.2,1.0,0.4,0.0,0.133333,0.166667,0.3,0.240741,0.185185,0.6,0.0,diagnostic_only,0.6014559336801185,0.628360731527278,0.628360731527278,0.5130630760339101,BND,False
CO_10,ANS_CO_1181,6.0,1.7,1.5,True,False,True,0.833333,0.333333,0.855556,0.0963,0.022222,0.044444,0.066667,0.166667,0.125,0.533333,0.0,diagnostic_only,0.7357563044259506,0.03845570866791137,0.7357563044259506,0.5130630760339101,BND,False
CO_11,ANS_CO_1213,0.0,0.0,1.5,False,False,False,0.533333,0.0,0.533333,0.0,0.0,0.0,0.0,0.263158,0.0,0.633333,0.0,diagnostic_only,0.49536717536250097,0.03897779475663945,0.49536717536250097,0.5198218979602399,POS,False
CO_11,ANS_CO_1202,7.0,4.7,1.5,True,False,True,0.3,1.0,0.522222,0.0,0.35,0.216667,0.566667,0.604167,0.041667,0.8,0.0,diagnostic_only,0.9226154795022629,0.4053498156399632,0.9226154795022629,0.5198218979602399,BND,False
CO_11,ANS_CO_1221,9.0,4.8,1.5,True,False,True,0.366667,1.0,0.511111,0.248,0.111111,0.105556,0.216667,0.388889,0.0,0.8,0.0,diagnostic_only,0.8554708232737918,0.410029018779314,0.8554708232737918,0.5198218979602399,BND,False
CO_11,ANS_CO_1232,14.0,8.2,1.5,True,False,True,0.533333,1.0,0.588889,0.1095,0.055556,0.111111,0.166667,0.0,0.138889,0.8,0.0,diagnostic_only,0.6673150261753422,0.32801218045232533,0.6673150261753422,0.5198218979602399,BND,False
CO_11,ANS_CO_1239,14.0,10.0,1.5,True,False,True,0.266667,1.0,0.338889,0.125,0.105556,0.127778,0.233333,0.131944,0.125,0.8,0.0,diagnostic_only,0.6752935145839888,0.5203405209167513,0.6752935145839888,0.5198218979602399,BND,False
CO_11,ANS_CO_1254,15.0,8.2,1.5,True,False,True,0.45,1.0,0.638889,0.0487,0.2,0.3,0.5,0.027778,0.236111,0.8,0.0,diagnostic_only,0.8150172426810857,0.286382368194745,0.8150172426810857,0.5198218979602399,BND,False
CO_11,ANS_CO_1283,15.0,15.0,1.5,False,False,False,0.0,1.0,0.157895,0.0,0.0,0.0,0.0,0.0,0.125,0.8,0.0,diagnostic_only,0.1981046910668341,0.8666406543668131,0.8666406543668131,0.5198218979602399,BND,False
CO_11,ANS_CO_1290,0.0,0.0,1.5,False,False,False,0.8,0.0,0.8,0.0,0.0,0.0,0.0,0.0,0.0,0.633333,0.0,diagnostic_only,0.5614371953830575,0.016518693666982578,0.5614371953830575,0.5198218979602399,BND,False
CO_11,ANS_CO_1300,5.0,1.0,1.5,True,False,True,0.7,0.0,0.7,0.0135,0.0,0.0,0.0,0.0,0.0,0.633333,0.0,diagnostic_only,0.5274238410161222,0.022842920990149063,0.5274238410161222,0.5198218979602399,BND,False
CO_11,ANS_CO_1312,15.0,14.0,1.5,False,False,False,0.1,0.5,0.1,0.0,0.066667,0.033333,0.1,0.0,0.0,0.8,0.0,diagnostic_only,0.3373229451660948,0.34147191611112593,0.34147191611112593,0.5198218979602399,POS,False
CO_12,ANS_CO_1334,16.0,6.8,2.5,True,False,True,0.16,0.5,0.333333,0.2889,0.046667,0.093333,0.14,0.0,0.0,0.0,0.0,diagnostic_only,0.6857232204302337,0.24556408440214392,0.6857232204302337,0.5328968184729997,BND,False
CO_12,ANS_CO_1324,0.0,0.0,2.5,False,False,False,0.52,0.0,0.52,0.0,0.0,0.0,0.0,0.0,0.0,0.0,0.0,diagnostic_only,0.42436377932293906,0.03469470241869738,0.42436377932293906,0.5328968184729997,POS,False
CO_12,ANS_CO_1336,14.0,15.3,2.5,False,False,False,0.0,0.3,0.106667,0.28,0.146667,0.113333,0.26,0.0,0.0,0.0,0.0,diagnostic_only,0.7688064813780519,0.2953151141599106,0.7688064813780519,0.5328968184729997,BND,False
CO_12,ANS_CO_1365,16.0,14.2,2.5,False,False,False,0.08,0.6,0.186667,0.1879,0.073333,0.046667,0.12,0.0,0.0,0.0,0.0,diagnostic_only,0.5716994439547821,0.45235977900159113,0.5716994439547821,0.5328968184729997,BND,False
CO_12,ANS_CO_1366,17.0,14.0,2.5,True,False,True,0.1,1.0,0.293333,0.3412,0.2,0.12,0.32,0.0,0.0,0.0,0.0,diagnostic_only,0.8918414829422004,0.647859996404927,0.8918414829422004,0.5328968184729997,BND,False
CO_12,ANS_CO_1380,13.0,10.3,2.5,True,False,True,0.0,1.0,0.106667,0.5153,0.126667,0.213333,0.34,0.0,0.0,0.0,0.0,diagnostic_only,0.9122858374311305,0.43118911635741014,0.9122858374311305,0.5328968184729997,BND,False
CO_12,ANS_CO_1379,16.0,16.7,2.5,False,False,False,0.08,0.4,0.133333,0.2141,0.053333,0.026667,0.08,0.0,0.0,0.0,0.0,diagnostic_only,0.561950844297908,0.34612281875504763,0.561950844297908,0.5328968184729997,BND,False
CO_12,ANS_CO_1405,17.0,12.0,2.5,True,False,True,0.0,0.4,0.28,0.3239,0.12,0.12,0.24,0.0,0.0,0.0,0.0,diagnostic_only,0.7630240477923113,0.3831601355115127,0.7630240477923113,0.5328968184729997,BND,False
CO_12,ANS_CO_1400,18.0,11.3,2.5,True,False,True,0.0,0.6,0.213333,0.4682,0.126667,0.133333,0.26,0.0,0.0,0.0,0.0,diagnostic_only,0.8767826259290796,0.43775867160079157,0.8767826259290796,0.5328968184729997,BND,False
CO_12,ANS_CO_1435,19.0,23.0,2.5,False,True,True,0.0,0.8,0.226667,0.0,0.08,0.12,0.2,0.0,0.0,0.0,0.0,diagnostic_only,0.3383064180961352,0.5414888489587983,0.5414888489587983,0.5328968184729997,BND,False
CO_12,ANS_CO_1441,17.0,19.8,2.5,False,True,True,0.0,0.88,0.226667,0.0682,0.104,0.192,0.296,0.0,0.0,0.0,0.0,diagnostic_only,0.4845587410863401,0.447500437746679,0.4845587410863401,0.5328968184729997,POS,False
CO_12,ANS_CO_1445,9.0,7.3,2.5,False,False,False,0.08,0.6,0.133333,0.3904,0.106667,0.053333,0.16,0.0,0.0,0.0,0.0,diagnostic_only,0.8242960341438783,0.44352569402035336,0.8242960341438783,0.5328968184729997,BND,False
CO_12,ANS_CO_1457,22.0,21.7,2.5,False,False,False,0.0,1.0,0.16,0.0,0.133333,0.146667,0.28,0.0,0.0,0.0,0.0,diagnostic_only,0.4487287425015224,0.610294484158167,0.610294484158167,0.5328968184729997,BND,False
CO_12,ANS_CO_1485,17.0,15.2,2.5,False,False,False,0.08,0.92,0.253333,0.1613,0.216,0.168,0.384,0.0,0.0,0.0,0.0,diagnostic_only,0.8000436775659936,0.5250972659579908,0.8000436775659936,0.5328968184729997,BND,False
CO_13,ANS_CO_1531,19.0,19.0,2.0,False,False,False,0.0,0.75,0.116667,0.0,0.05,0.1,0.15,0.0,0.0,0.0,0.0,diagnostic_only,0.30693965323219335,0.5254498435320973,0.5254498435320973,0.511600686125591,BND,False
CO_13,ANS_CO_1521,15.0,14.7,2.0,False,False,False,0.0,0.625,0.133333,0.1353,0.091667,0.133333,0.225,0.0,0.0,0.0,0.0,diagnostic_only,0.5183836055872286,0.4097475015200078,0.5183836055872286,0.511600686125591,BND,False
CO_13,ANS_CO_1563,18.0,18.3,2.0,False,False,False,0.0,0.75,0.333333,0.0,0.083333,0.116667,0.2,0.0,0.0,0.0,0.0,diagnostic_only,0.3463466617868471,0.6581217475641458,0.6581217475641458,0.511600686125591,BND,False
CO_13,ANS_CO_1588,15.0,9.2,2.0,True,False,True,0.0,1.0,0.116667,0.4588,0.166667,0.158333,0.325,0.0,0.0,0.0,0.0,diagnostic_only,0.8897841475345671,0.6271544358794394,0.8897841475345671,0.511600686125591,BND,False
CO_13,ANS_CO_1598,18.0,12.3,2.0,True,False,True,0.0,1.0,0.2,0.0958,0.183333,0.116667,0.3,0.0,0.0,0.0,0.0,diagnostic_only,0.6120806744930285,0.7301088416387622,0.7301088416387622,0.511600686125591,BND,False
CO_13,ANS_CO_1604,14.0,1.2,2.0,True,False,True,0.375,0.125,0.5,0.0,0.016667,0.008333,0.025,0.0,0.0,0.0,0.0,diagnostic_only,0.3644202317302253,0.08252661892257801,0.3644202317302253,0.511600686125591,POS,False
CO_13,ANS_CO_1605,16.0,14.7,2.0,False,False,False,0.0,1.0,0.25,0.1353,0.141667,0.183333,0.325,0.0,0.0,0.0,0.0,diagnostic_only,0.6241507689767287,0.6824906563807479,0.6824906563807479,0.511600686125591,BND,False
CO_13,ANS_CO_1612,15.0,17.3,2.0,False,True,True,0.0,0.25,0.0,0.0,0.033333,0.016667,0.05,0.0,0.0,0.0,0.0,diagnostic_only,0.24211834696193493,0.2342402763866352,0.24211834696193493,0.511600686125591,POS,False
CO_13,ANS_CO_1617,19.0,10.5,2.0,True,False,True,0.0,0.875,0.133333,0.3824,0.175,0.175,0.35,0.0,0.0,0.0,0.0,diagnostic_only,0.8579466914881972,0.5331153809713919,0.8579466914881972,0.511600686125591,BND,False
CO_13,ANS_CO_1633,9.0,3.2,2.0,True,False,True,0.0,0.375,0.216667,0.1955,0.091667,0.083333,0.175,0.0,0.0,0.0,0.0,diagnostic_only,0.5455313255637398,0.3666585605043986,0.5455313255637398,0.511600686125591,BND,False
CO_13,ANS_CO_1636,20.0,18.0,2.0,False,False,False,0.0,0.75,0.116667,0.0,0.1,0.05,0.15,0.0,0.0,0.0,0.0,diagnostic_only,0.3501598527635312,0.5962871916601493,0.5962871916601493,0.511600686125591,BND,False
CO_13,ANS_CO_1644,18.0,18.8,2.0,False,False,False,0.0,0.5,0.216667,0.0,0.058333,0.066667,0.125,0.0,0.0,0.0,0.0,diagnostic_only,0.2892499049411999,0.47033200233797995,0.47033200233797995,0.511600686125591,POS,False
CO_13,ANS_CO_1629,15.0,13.8,2.0,False,False,False,0.0,0.625,0.0,0.1882,0.058333,0.066667,0.125,0.0,0.0,0.0,0.0,diagnostic_only,0.5044958862232136,0.4005560358685712,0.5044958862232136,0.511600686125591,POS,False
CO_2,ANS_CO_536,20.0,20.0,2.0,False,False,False,0.0,0.0,0.166667,0.0,0.0,0.0,0.0,0.0,0.0,0.0,0.0,diagnostic_only,0.19636669716891514,0.25784059189430564,0.25784059189430564,0.5199257671844825,POS,False
CO_2,ANS_CO_525,20.0,14.7,2.0,True,False,True,0.0,1.0,0.5,0.1353,0.266667,0.233333,0.5,0.0,0.0,0.0,0.0,diagnostic_only,0.7705525426218715,0.7394708811223593,0.7705525426218715,0.5199257671844825,BND,False
CO_2,ANS_CO_566,5.0,2.0,2.0,True,False,True,0.9,0.0,0.9,0.0088,0.0,0.0,0.0,0.0,0.0,0.0,0.0,diagnostic_only,0.6087657235413333,0.008405217329494643,0.6087657235413333,0.5199257671844825,BND,False
CO_2,ANS_CO_556,19.0,18.7,2.0,False,False,False,0.0,1.0,0.133333,0.0,0.033333,0.066667,0.1,0.0,0.0,0.0,0.0,diagnostic_only,0.25099855970341256,0.738436308812846,0.738436308812846,0.5199257671844825,BND,False
CO_2,ANS_CO_576,20.0,15.3,2.0,True,False,True,0.0,1.0,0.266667,0.1,0.2,0.2,0.4,0.0,0.0,0.0,0.0,diagnostic_only,0.6478312266273384,0.6610737477212999,0.6610737477212999,0.5199257671844825,BND,False
CO_2,ANS_CO_620,15.0,8.0,2.0,True,False,True,0.5,1.0,0.633333,0.1324,0.1,0.1,0.2,0.0,0.0,0.0,0.0,diagnostic_only,0.7325487810107432,0.27678729560626053,0.7325487810107432,0.5199257671844825,BND,False
CO_2,ANS_CO_577,15.0,15.3,2.0,False,False,False,0.25,0.5,0.25,0.1,0.066667,0.033333,0.1,0.0,0.0,0.0,0.0,diagnostic_only,0.5180584539315306,0.22839854216580863,0.5180584539315306,0.5199257671844825,POS,False
CO_2,ANS_CO_622,18.0,17.3,2.0,False,False,False,0.0,1.0,0.133333,0.0,0.1,0.1,0.2,0.0,0.0,0.0,0.0,diagnostic_only,0.34892614247823445,0.7105700896809374,0.7105700896809374,0.5199257671844825,BND,False
CO_2,ANS_CO_625,20.0,14.7,2.0,True,False,True,0.0,1.0,0.133333,0.0419,0.266667,0.133333,0.4,0.0,0.0,0.0,0.0,diagnostic_only,0.6652841834631887,0.7034131648496434,0.7034131648496434,0.5199257671844825,BND,False
CO_2,ANS_CO_643,20.0,16.7,2.0,True,False,True,0.0,1.0,0.166667,0.0138,0.066667,0.133333,0.2,0.0,0.0,0.0,0.0,diagnostic_only,0.3250040955870097,0.6741135135819739,0.6741135135819739,0.5199257671844825,BND,False
CO_3,ANS_CO_152,2.0,1.8,1.0,False,False,False,0.0,0.25,0.0,0.7882,0.016667,0.033333,0.05,0.0,0.0,0.0,0.0,diagnostic_only,0.9479372276377291,0.2805624484997144,0.9479372276377291,0.5198983095430775,BND,False
CO_3,ANS_CO_142,5.0,2.0,1.0,True,False,True,0.0,1.0,0.333333,0.7647,0.2,0.2,0.4,0.0,0.0,0.0,0.0,diagnostic_only,0.9858298965643351,0.689274514522428,0.9858298965643351,0.5198983095430775,BND,False
CO_3,ANS_CO_179,6.0,4.2,1.0,True,False,True,0.0,0.75,0.0,0.5059,0.083333,0.066667,0.15,0.0,0.0,0.0,0.0,diagnostic_only,0.8608652451419041,0.5477668490545141,0.8608652451419041,0.5198983095430775,BND,False
CO_3,ANS_CO_160,10.0,10.0,1.0,False,False,False,0.0,0.0,0.0,0.0,0.0,0.0,0.0,0.0,0.0,0.0,0.0,diagnostic_only,0.18628133217049875,0.20048915824460092,0.20048915824460092,0.5198983095430775,POS,False
CO_3,ANS_CO_208,8.0,5.5,1.0,True,False,True,0.0,1.0,0.0,0.3529,0.15,0.15,0.3,0.0,0.0,0.0,0.0,diagnostic_only,0.8244136019140436,0.59206403372504,0.8244136019140436,0.5198983095430775,BND,False
CO_3,ANS_CO_217,9.0,7.8,1.0,True,False,True,0.0,0.25,0.0,0.0824,0.016667,0.033333,0.05,0.0,0.0,0.0,0.0,diagnostic_only,0.2905759352008658,0.2805624484997144,0.2905759352008658,0.5198983095430775,POS,False
CO_3,ANS_CO_230,8.0,3.2,1.0,True,False,True,0.0,1.0,0.166667,0.1286,0.183333,0.116667,0.3,0.0,0.0,0.0,0.0,diagnostic_only,0.6314691438117941,0.724156696086337,0.724156696086337,0.5198983095430775,BND,False
CO_3,ANS_CO_237,9.0,9.0,1.0,False,False,False,0.0,1.0,0.333333,0.0,0.1,0.1,0.2,0.0,0.0,0.0,0.0,diagnostic_only,0.3352945153293562,0.7888749852197194,0.7888749852197194,0.5198983095430775,BND,False
CO_3,ANS_CO_241,6.0,2.8,1.0,True,False,True,0.0,1.0,0.166667,0.1383,0.166667,0.133333,0.3,0.0,0.0,0.0,0.0,diagnostic_only,0.624875104065731,0.69848179671482,0.69848179671482,0.5198983095430775,BND,False
CO_3,ANS_CO_250,9.0,7.3,1.0,True,False,True,0.0,0.75,0.166667,0.1412,0.066667,0.083333,0.15,0.0,0.0,0.0,0.0,diagnostic_only,0.4547578647252701,0.6008543810643107,0.6008543810643107,0.5198983095430775,BND,False
CO_4,ANS_CO_654,20.0,19.7,2.0,False,False,False,0.0,0.25,0.1,0.0,0.016667,0.033333,0.05,0.0,0.5,0.2,0.0,diagnostic_only,0.20772171599814163,0.8383329498111801,0.8383329498111801,0.5357366266890177,BND,False
CO_4,ANS_CO_686,14.0,11.0,2.0,True,False,True,0.0,1.0,0.116667,0.0,0.2,0.15,0.35,0.0,0.0,0.2,0.0,diagnostic_only,0.5183971511639942,0.5895035891550598,0.5895035891550598,0.5357366266890177,BND,False
CO_4,ANS_CO_676,8.0,13.8,2.0,False,True,True,0.0,1.0,0.266667,0.1882,0.308333,0.241667,0.55,0.0,0.0,0.2,0.0,diagnostic_only,0.8943626790849288,0.47922429888845886,0.8943626790849288,0.5357366266890177,BND,False
CO_4,ANS_CO_710,20.0,20.0,2.0,False,False,False,0.0,0.0,0.2,0.0,0.0,0.0,0.0,0.0,1.0,0.2,0.0,diagnostic_only,0.19153022042057471,0.9773543055968302,0.9773543055968302,0.5357366266890177,BND,False
CO_4,ANS_CO_713,20.0,19.7,2.0,False,False,False,0.0,0.25,0.166667,0.0,0.016667,0.033333,0.05,0.0,0.5,0.2,0.0,diagnostic_only,0.21041687140577092,0.8546454602008555,0.8546454602008555,0.5357366266890177,BND,False
CO_4,ANS_CO_718,17.0,18.0,2.0,False,False,False,0.0,0.5,0.2,0.0,0.05,0.05,0.1,0.0,0.0,0.2,0.0,diagnostic_only,0.2495927651684875,0.5022871141227477,0.5022871141227477,0.5357366266890177,POS,False
CO_4,ANS_CO_723,20.0,17.2,2.0,True,False,True,0.0,0.625,0.116667,0.0,0.091667,0.058333,0.15,0.0,0.0,0.2,0.0,diagnostic_only,0.30406536557752106,0.5235322327450411,0.5235322327450411,0.5357366266890177,POS,False
CO_4,ANS_CO_760,20.0,18.3,2.0,False,False,False,0.0,0.5,0.2,0.0,0.083333,0.066667,0.15,0.0,0.0,0.2,0.0,diagnostic_only,0.3066918648173764,0.46673135856819453,0.46673135856819453,0.5357366266890177,POS,False
CO_4,ANS_CO_724,11.0,9.3,2.0,False,False,False,0.0,0.25,0.2,0.4529,0.133333,0.166667,0.3,0.0,0.833333,0.2,0.0,diagnostic_only,0.9084729808354451,0.9145391622255852,0.9145391622255852,0.5357366266890177,BND,False
CO_5,ANS_CO_292,15.0,15.0,1.5,False,False,False,0.0,0.0,0.055556,0.0,0.0,0.0,0.0,0.0,0.0,1.0,0.0,diagnostic_only,0.1830234292031847,0.24230043682294775,0.24230043682294775,0.5189657034009576,POS,False
CO_5,ANS_CO_313,8.0,0.0,1.5,True,False,True,0.333333,0.0,0.388889,0.0,0.0,0.0,0.0,0.25,0.0,0.666667,0.0,diagnostic_only,0.3572416108885315,0.07986983915073029,0.3572416108885315,0.5189657034009576,POS,False
CO_5,ANS_CO_260,8.0,0.4,1.5,True,False,True,0.333333,0.416667,0.388889,0.0,0.055556,0.027778,0.083333,0.305556,0.0,1.0,0.0,diagnostic_only,0.47501067680675313,0.17180230073050676,0.47501067680675313,0.5189657034009576,POS,False
CO_5,ANS_CO_334,0.0,0.0,1.5,False,False,False,1.0,0.0,1.0,0.0,0.0,0.0,0.0,0.0,0.0,0.666667,0.0,diagnostic_only,0.6711450260395674,0.005817375247852085,0.6711450260395674,0.5189657034009576,BND,False
CO_5,ANS_CO_344,15.0,15.0,1.5,False,False,False,0.0,0.0,0.0,0.0,0.0,0.0,0.0,0.0,0.0,1.0,0.0,diagnostic_only,0.17883049014537938,0.22634898836674147,0.22634898836674147,0.5189657034009576,POS,False
CO_5,ANS_CO_327,8.0,3.7,1.5,True,False,True,0.0,1.0,0.222222,0.0,0.155556,0.244444,0.4,0.755556,0.0,1.0,0.0,diagnostic_only,0.6280429519494263,0.5559639576078318,0.6280429519494263,0.5189657034009576,BND,False
CO_5,ANS_CO_353,12.0,11.2,1.5,False,False,False,0.0,1.0,0.222222,0.0,0.255556,0.177778,0.433333,0.255556,0.0,1.0,0.0,diagnostic_only,0.6910116774459223,0.6849910138075028,0.6910116774459223,0.5189657034009576,BND,False
CO_5,ANS_CO_359,10.0,13.3,1.5,False,True,True,0.0,1.0,1.0,0.0,0.111111,0.222222,0.333333,0.0,0.222222,1.0,0.0,diagnostic_only,0.5244270035516947,0.9056991787343222,0.9056991787343222,0.5189657034009576,BND,False
CO_5,ANS_CO_361,15.0,15.0,1.5,False,False,False,0.0,0.0,0.166667,0.0,0.0,0.0,0.0,0.0,0.166667,1.0,0.0,diagnostic_only,0.19163721336722342,0.3991009834163182,0.3991009834163182,0.5189657034009576,POS,False
CO_5,ANS_CO_373,8.0,0.0,1.5,True,False,True,0.333333,0.0,0.333333,0.0,0.0,0.0,0.0,0.0,0.0,1.0,0.0,diagnostic_only,0.31466366082207653,0.0735734051760057,0.31466366082207653,0.5189657034009576,POS,False
CO_5,ANS_CO_356,15.0,9.6,1.5,True,False,True,0.0,0.416667,0.166667,0.1647,0.111111,0.138889,0.25,0.361111,0.0,1.0,0.0,diagnostic_only,0.6325697819079005,0.34470133841935796,0.6325697819079005,0.5189657034009576,BND,False
CO_6,ANS_CO_408,0.0,0.0,2.0,False,False,False,1.0,0.0,1.0,0.0,0.0,0.0,0.0,0.0,0.0,0.45,0.0,diagnostic_only,0.6920661115351635,0.005350583631665928,0.6920661115351635,0.5313735716731044,BND,False
CO_6,ANS_CO_411,12.0,17.3,2.0,False,True,True,0.0,0.5,0.428571,0.0,0.033333,0.066667,0.1,0.125,0.1875,0.8,0.0,diagnostic_only,0.292907376391418,0.7046974545469364,0.7046974545469364,0.5313735716731044,BND,False
CO_6,ANS_CO_412,14.0,15.3,2.0,False,False,False,0.0,1.0,0.428571,0.0321,0.133333,0.066667,0.2,0.0,0.229167,0.8,0.0,diagnostic_only,0.4701448444682594,0.917213744255683,0.917213744255683,0.5313735716731044,BND,False
CO_6,ANS_CO_420,16.0,10.5,2.0,True,False,True,0.0,0.375,0.15,0.1502,0.1,0.125,0.225,0.239583,0.0,0.8,0.0,diagnostic_only,0.5820130650827128,0.3155583248127386,0.5820130650827128,0.5313735716731044,BND,False
CO_6,ANS_CO_427,6.0,2.5,2.0,True,False,True,0.15,0.625,0.216667,0.2053,0.075,0.05,0.125,0.46875,0.0,0.8,0.0,diagnostic_only,0.7206359893062518,0.38597616724276346,0.7206359893062518,0.5313735716731044,BND,False
CO_6,ANS_CO_433,4.0,4.7,2.0,False,False,False,0.0,1.0,0.266667,0.2395,0.166667,0.133333,0.3,0.458333,0.041667,0.8,0.0,diagnostic_only,0.8263161265963671,0.7604310491501507,0.8263161265963671,0.5313735716731044,BND,False
CO_7,ANS_CO_457,10.0,10.0,1.0,False,False,False,0.0,0.0,0.0,0.0,0.0,0.0,0.0,0.0,0.0,0.0,0.0,diagnostic_only,0.18241354868783524,0.20465293288609118,0.20465293288609118,0.5236705094491757,POS,False
CO_7,ANS_CO_458,4.0,2.3,1.0,True,False,True,0.0,1.0,0.333333,0.7294,0.166667,0.233333,0.4,0.0,0.0,0.0,0.0,diagnostic_only,0.9735695022351282,0.631372245454088,0.9735695022351282,0.5236705094491757,BND,False
CO_7,ANS_CO_459,8.0,0.0,1.0,True,False,True,0.0,0.0,0.0,0.0,0.0,0.0,0.0,0.0,0.0,0.0,0.0,diagnostic_only,0.18241354868783524,0.20465293288609118,0.20465293288609118,0.5236705094491757,POS,False
CO_7,ANS_CO_464,10.0,9.3,1.0,False,False,False,0.0,0.5,0.333333,0.0,0.066667,0.033333,0.1,0.0,0.0,0.0,0.0,diagnostic_only,0.2751688530281079,0.5974346697840025,0.5974346697840025,0.5236705094491757,BND,False
CO_7,ANS_CO_475,6.0,6.7,1.0,False,False,False,0.0,1.0,0.0,0.2118,0.133333,0.166667,0.3,0.0,0.0,0.0,0.0,diagnostic_only,0.6882879715162455,0.5448555283519657,0.6882879715162455,0.5236705094491757,BND,False
CO_7,ANS_CO_494,10.0,10.0,1.0,False,False,False,0.0,0.0,0.0,0.0,0.0,0.0,0.0,0.0,0.0,0.0,0.0,diagnostic_only,0.1824135486878352,0.20465293288609118,0.20465293288609118,0.5236705094491757,POS,False
CO_8,ANS_CO_762,5.0,1.8,1.0,True,False,True,0.0,0.625,0.0,0.0,0.075,0.05,0.125,0.575,0.0,1.0,0.0,diagnostic_only,0.36115683431446144,0.46817236823683933,0.46817236823683933,0.5311605174517908,POS,False
CO_8,ANS_CO_767,5.0,2.1,1.0,True,False,True,0.0,1.0,0.333333,0.0,0.291667,0.208333,0.5,0.583333,0.041667,1.0,0.0,diagnostic_only,0.7414230808627204,0.718798208866706,0.7414230808627204,0.5311605174517908,BND,False
CO_8,ANS_CO_770,10.0,10.0,1.0,False,False,False,0.0,0.0,0.166667,0.0,0.0,0.0,0.0,0.0,0.0,1.0,0.0,diagnostic_only,0.20639235741109474,0.2679092922937927,0.2679092922937927,0.5311605174517908,POS,False
CO_8,ANS_CO_778,10.0,9.6,1.0,False,False,False,0.0,0.625,0.083333,0.0,0.041667,0.083333,0.125,0.041667,0.0,1.0,0.083333,diagnostic_only,0.2603503106641879,0.4583284449575509,0.4583284449575509,0.5311605174517908,POS,False
CO_8,ANS_CO_809,10.0,10.0,1.0,False,False,False,0.0,0.0,0.0,0.0,0.0,0.0,0.0,0.0,0.0,1.0,0.0,diagnostic_only,0.20561806735517446,0.2057135689851275,0.2057135689851275,0.5311605174517908,POS,False
CO_8,ANS_CO_847,8.0,3.8,1.0,True,False,True,0.0,1.0,0.5,0.1892,0.166667,0.208333,0.375,0.208333,0.166667,1.0,0.083333,diagnostic_only,0.7180977991823166,0.8247470003193617,0.8247470003193617,0.5311605174517908,BND,False
CO_8,ANS_CO_852,8.0,7.3,1.0,False,False,False,0.0,0.25,0.166667,0.0483,0.016667,0.033333,0.05,0.016667,0.0,1.0,0.0,diagnostic_only,0.2727897778681311,0.35415137520733175,0.35415137520733175,0.5311605174517908,POS,False
CO_8,ANS_CO_855,10.0,10.0,1.0,False,False,False,0.0,0.0,0.0,0.0,0.0,0.0,0.0,0.0,0.0,1.0,0.0,diagnostic_only,0.20561806735517446,0.2057135689851275,0.2057135689851275,0.5311605174517908,POS,False
CO_8,ANS_CO_873,3.0,1.7,1.0,True,False,True,0.25,1.0,0.583333,0.0,0.208333,0.166667,0.375,0.444444,0.0,0.75,0.0,diagnostic_only,0.7083968141986663,0.505445718593363,0.7083968141986663,0.5311605174517908,BND,False
CO_8,ANS_CO_875,10.0,8.8,1.0,True,False,True,0.0,1.0,0.166667,0.0,0.125,0.25,0.375,0.125,0.0,1.0,0.0,diagnostic_only,0.4133329581364112,0.5146096295839189,0.5146096295839189,0.5311605174517908,POS,False
CO_8,ANS_CO_877,10.0,10.0,1.0,False,False,False,0.0,0.0,0.0,0.0,0.0,0.0,0.0,0.0,0.0,1.0,0.0,diagnostic_only,0.20561806735517446,0.2057135689851275,0.2057135689851275,0.5311605174517908,POS,False
CO_8,ANS_CO_890,7.0,4.2,1.0,True,False,True,0.0,1.0,0.4375,0.0,0.541667,0.333333,0.875,0.479167,0.0625,1.0,0.083333,diagnostic_only,0.9466350908814454,0.6965445707932314,0.9466350908814454,0.5311605174517908,BND,False
CO_8,ANS_CO_892,7.0,6.2,1.0,False,False,False,0.0,0.0,0.0,0.0926,0.0,0.0,0.0,0.125,0.0,1.0,0.0,diagnostic_only,0.30491669495244245,0.2057135689851275,0.30491669495244245,0.5311605174517908,POS,False
CO_8,ANS_CO_904,3.0,0.8,1.0,True,False,True,0.25,0.625,0.333333,0.0,0.041667,0.083333,0.125,0.166667,0.0,1.0,0.0,diagnostic_only,0.3865163346757596,0.2534012680348524,0.3865163346757596,0.5311605174517908,POS,False
CO_8,ANS_CO_902,4.0,2.9,1.0,True,False,True,0.0,0.625,0.166667,0.0,0.083333,0.166667,0.25,0.458333,0.0,1.0,0.0,diagnostic_only,0.3773335779513298,0.40374193047080786,0.40374193047080786,0.5311605174517908,POS,False
CPL_2,ANS_CPL_111,5.0,5.0,0.5,False,False,False,0.0,0.0,0.0,0.0,0.0,0.0,0.0,0.0,0.0,1.0,0.0,diagnostic_only,0.19702423018417423,0.20918896798652573,0.20918896798652573,0.5302020984079316,POS,False
CPL_2,ANS_CPL_113,5.0,5.0,0.5,False,False,False,0.0,0.0,0.0,0.0,0.0,0.0,0.0,0.0,0.0,1.0,0.0,diagnostic_only,0.19702423018417423,0.20918896798652573,0.20918896798652573,0.5302020984079316,POS,False
CPL_2,ANS_CPL_77,5.0,5.0,0.5,False,False,False,0.0,0.0,0.0,0.0,0.0,0.0,0.0,0.0,0.0,1.0,0.0,diagnostic_only,0.19702423018417423,0.20918896798652573,0.20918896798652573,0.5302020984079316,POS,False
CPL_2,ANS_CPL_75,0.0,0.0,0.5,False,False,False,0.0,0.0,0.0,0.0,0.0,0.0,0.0,0.0,0.0,1.0,0.0,diagnostic_only,0.19702423018417423,0.20918896798652573,0.20918896798652573,0.5302020984079316,POS,False
CPL_2,ANS_CPL_99,5.0,5.0,0.5,False,False,False,0.0,0.0,0.0,0.0,0.0,0.0,0.0,0.0,0.0,1.0,0.0,diagnostic_only,0.19702423018417423,0.20918896798652573,0.20918896798652573,0.5302020984079316,POS,False
CPL_2,ANS_CPL_78,0.0,0.0,0.5,False,False,False,0.0,0.0,0.0,0.0,0.0,0.0,0.0,0.0,0.0,1.0,0.0,diagnostic_only,0.19702423018417423,0.20918896798652573,0.20918896798652573,0.5302020984079316,POS,False
CPL_4,ANS_CPL_185,9.0,6.3,1.0,True,False,True,0.0,1.0,0.25,0.0,0.216667,0.333333,0.55,0.0,0.0,0.0,0.0,diagnostic_only,0.5974051140996142,0.45207386402133637,0.5974051140996142,0.5293963412980877,BND,False
CPL_4,ANS_CPL_186,5.0,0.8,1.0,True,False,True,0.0,1.0,0.25,0.0,0.166667,0.083333,0.25,0.0,0.0,0.0,0.0,diagnostic_only,0.44566694381426963,0.7792510145997092,0.7792510145997092,0.5293963412980877,BND,False
CPL_4,ANS_CPL_214,5.0,0.0,1.0,True,False,True,0.0,0.0,0.0,0.0,0.0,0.0,0.0,0.0,0.0,0.0,0.0,diagnostic_only,0.18158676544774646,0.20296056562714818,0.20296056562714818,0.5293963412980877,POS,False
CPL_4,ANS_CPL_187,9.0,9.8,1.0,False,False,False,0.0,0.25,0.083333,0.0,0.016667,0.033333,0.05,0.0,0.0,0.0,0.0,diagnostic_only,0.20876022509162276,0.31528055551597706,0.31528055551597706,0.5293963412980877,POS,False
CPL_4,ANS_CPL_217,10.0,10.0,1.0,False,False,False,0.0,0.0,0.0,0.0,0.0,0.0,0.0,0.0,0.0,0.0,0.0,diagnostic_only,0.18158676544774646,0.20296056562714818,0.20296056562714818,0.5293963412980877,POS,False
CPL_4,ANS_CPL_221,0.0,0.8,1.0,False,False,False,0.0,1.0,0.083333,0.0,0.166667,0.083333,0.25,0.0,0.0,0.0,0.0,diagnostic_only,0.44590103308701173,0.7143207413299416,0.7143207413299416,0.5293963412980877,BND,False
CPL_6,ANS_CPL_311,10.0,10.0,1.0,False,False,False,0.0,0.0,0.0,0.0,0.0,0.0,0.0,0.0,0.0,1.0,0.0,diagnostic_only,0.19549386368880392,0.20909419053581105,0.20909419053581105,0.522283622741245,POS,False
CPL_6,ANS_CPL_302,10.0,10.0,1.0,False,False,False,0.0,0.0,0.0,0.0,0.0,0.0,0.0,0.0,0.0,1.0,0.0,diagnostic_only,0.19549386368880392,0.20909419053581105,0.20909419053581105,0.522283622741245,POS,False
CPL_6,ANS_CPL_319,7.0,6.8,1.0,False,False,False,0.0,0.25,0.2,0.16,0.116667,0.133333,0.25,0.316667,0.0,1.0,0.0,diagnostic_only,0.6631676446080425,0.2735672713193884,0.6631676446080425,0.522283622741245,BND,False
CPL_6,ANS_CPL_315,10.0,10.0,1.0,False,False,False,0.0,0.0,0.133333,0.0,0.0,0.0,0.0,0.0,0.0,1.0,0.0,diagnostic_only,0.1942208325932562,0.25836135199835697,0.25836135199835697,0.522283622741245,POS,False
CPL_6,ANS_CPL_323,2.0,2.3,1.0,False,False,False,0.0,0.5,0.133333,0.0,0.066667,0.033333,0.1,0.2,0.033333,1.0,0.0,diagnostic_only,0.3261564912210961,0.5208970987873199,0.5208970987873199,0.522283622741245,POS,False
CPL_6,ANS_CPL_332,10.0,10.0,1.0,False,False,False,0.0,0.0,0.0,0.0,0.0,0.0,0.0,0.0,0.0,1.0,0.0,diagnostic_only,0.195493863688804,0.20909419053581105,0.20909419053581105,0.522283622741245,POS,False
CPL_7,ANS_CPL_372,15.0,13.2,1.5,True,False,True,0.0,0.166667,0.0,0.0,0.022222,0.011111,0.033333,0.0,0.0,0.0,0.0,diagnostic_only,0.21389969817725527,0.24239481791468995,0.24239481791468995,0.5197314242964564,POS,False
CPL_7,ANS_CPL_362,12.0,13.5,1.5,False,False,False,0.0,1.0,0.333333,0.0,0.1,0.166667,0.266667,0.0,0.0,0.0,0.0,diagnostic_only,0.3916981198887612,0.7048566763167381,0.7048566763167381,0.5197314242964564,BND,False
CPL_7,ANS_CPL_374,10.0,8.0,1.5,True,False,True,0.0,1.0,0.111111,0.3725,0.166667,0.133333,0.3,0.0,0.0,0.0,0.0,diagnostic_only,0.8400398538038961,0.6449900872002438,0.8400398538038961,0.5197314242964564,BND,False
CPL_7,ANS_CPL_388,10.0,5.2,1.5,True,False,True,0.0,0.833333,0.222222,0.5922,0.055556,0.111111,0.166667,0.0,0.0,0.0,0.0,diagnostic_only,0.8739603469266007,0.6139321822012865,0.8739603469266007,0.5197314242964564,BND,False
CPL_7,ANS_CPL_395,10.0,13.2,1.5,False,True,True,0.0,0.5,0.111111,0.0,0.055556,0.044444,0.1,0.0,0.0,0.0,0.0,diagnostic_only,0.27018803653435874,0.43945607886260557,0.43945607886260557,0.5197314242964564,POS,False
CPL_7,ANS_CPL_412,12.0,10.5,1.5,False,False,False,0.0,0.5,0.0,0.1765,0.033333,0.066667,0.1,0.0,0.0,0.0,0.0,diagnostic_only,0.4316496472427818,0.3509950997696359,0.4316496472427818,0.5197314242964564,POS,False
CPL_8,ANS_CPL_424,6.0,6.8,1.0,False,False,False,0.1,0.75,0.2,0.0,0.066667,0.083333,0.15,0.316667,0.2,1.0,0.0,diagnostic_only,0.4528709056965475,0.6055559302296578,0.6055559302296578,0.5131814634174502,BND,False
CPL_8,ANS_CPL_426,4.0,5.8,1.0,False,True,True,0.0,1.0,0.133333,0.0,0.166667,0.183333,0.35,0.216667,0.0,1.0,0.0,diagnostic_only,0.5700817814057282,0.554245075863738,0.5700817814057282,0.5131814634174502,BND,False
CPL_8,ANS_CPL_445,0.0,1.3,1.0,False,True,True,0.0,0.5,0.033333,0.0,0.066667,0.033333,0.1,0.866667,0.0,1.0,0.0,diagnostic_only,0.559614887900503,0.39125272688567936,0.559614887900503,0.5131814634174502,BND,False
CPL_8,ANS_CPL_434,10.0,8.5,1.0,True,False,True,0.0,0.75,0.066667,0.0,0.1,0.1,0.2,0.15,0.0,1.0,0.0,diagnostic_only,0.4053350717234727,0.4665266328696264,0.4665266328696264,0.5131814634174502,POS,False
CPL_8,ANS_CPL_451,4.0,6.0,1.0,False,True,True,0.0,1.0,0.2,0.0,0.1,0.1,0.2,0.4,0.2,1.0,0.0,diagnostic_only,0.4941026306873262,0.8102185629474128,0.8102185629474128,0.5131814634174502,BND,False
CPL_8,ANS_CPL_464,8.0,9.0,1.0,False,False,False,0.1,0.5,0.2,0.0,0.05,0.1,0.15,0.033333,0.333333,1.0,0.0,diagnostic_only,0.33454152134171183,0.5840464641409449,0.5840464641409449,0.5131814634174502,BND,False
DM_1,ANS_DM_15,8.0,8.0,0.8,False,False,False,0.1875,0.0,0.1875,0.0,0.0,0.0,0.0,0.0,0.0,0.0,0.0,diagnostic_only,0.2668508012554985,0.11711103456094424,0.2668508012554985,0.5304772925017056,POS,False
DM_1,ANS_DM_22,5.0,4.3,0.8,False,False,False,0.375,1.0,0.458333,0.1248,0.083333,0.166667,0.25,0.0,0.0,0.0,0.0,diagnostic_only,0.7004501399743785,0.2595680462425093,0.7004501399743785,0.5304772925017056,BND,False
DM_1,ANS_DM_34,5.0,5.3,0.8,False,False,False,0.3125,0.625,0.3125,0.0749,0.0,0.0,0.0,0.0,0.0,0.0,0.0,diagnostic_only,0.41921809799297377,0.2683216181316412,0.41921809799297377,0.5304772925017056,POS,False
DM_1,ANS_DM_53,6.0,6.0,0.8,False,False,False,0.3125,0.0,0.3125,0.0604,0.0,0.0,0.0,0.0,0.0,0.0,0.0,diagnostic_only,0.3873677073944045,0.07875611286443418,0.3873677073944045,0.5304772925017056,POS,False
DM_1,ANS_DM_44,6.0,6.0,0.8,False,False,False,0.3125,0.0,0.3125,0.0604,0.0,0.0,0.0,0.0,0.0,0.0,0.0,diagnostic_only,0.3873677073944045,0.07875611286443418,0.3873677073944045,0.5304772925017056,POS,False
DM_1,ANS_DM_66,7.0,7.0,0.8,False,False,False,0.25,0.0,0.291667,0.0,0.0,0.0,0.0,0.0,0.0,0.0,0.0,diagnostic_only,0.2921427487899623,0.10399937909397151,0.2921427487899623,0.5304772925017056,POS,False
DM_1,ANS_DM_72,7.0,7.0,0.8,False,False,False,0.0,0.0,0.0,0.0,0.0,0.0,0.0,0.0,0.0,0.0,0.0,diagnostic_only,0.1949372006451714,0.20405524656736693,0.20405524656736693,0.5304772925017056,POS,False
DM_1,ANS_DM_82,7.0,7.0,0.8,False,False,False,0.0625,0.0,0.0625,0.0,0.0,0.0,0.0,0.0,0.0,0.0,0.0,diagnostic_only,0.21714507399453267,0.1706843376536502,0.21714507399453267,0.5304772925017056,POS,False
DM_1,ANS_DM_88,4.0,4.0,0.8,False,False,False,0.0625,0.0,0.0625,0.0849,0.0,0.0,0.0,0.0,0.0,0.0,0.0,diagnostic_only,0.29151509438524953,0.1706843376536502,0.29151509438524953,0.5304772925017056,POS,False
DM_2,ANS_DM_108,10.0,10.0,1.0,False,False,False,0.0,0.0,0.0,0.0,0.0,0.0,0.0,0.0,0.0,0.3,0.0,diagnostic_only,0.19234843792377626,0.18171266623195728,0.19234843792377626,0.5135374556028578,POS,False
DM_2,ANS_DM_106,8.0,8.0,1.0,False,False,False,0.0,1.0,0.333333,0.0438,0.1,0.1,0.2,0.222222,0.0,0.3,0.0,diagnostic_only,0.4673799330504193,0.7683567357787416,0.7683567357787416,0.5135374556028578,BND,False
DM_2,ANS_DM_127,10.0,10.0,1.0,False,False,False,0.0,0.0,0.0,0.0,0.0,0.0,0.0,0.0,0.0,0.3,0.0,diagnostic_only,0.19234843792377626,0.18171266623195728,0.19234843792377626,0.5135374556028578,POS,False
DM_2,ANS_DM_149,0.0,0.0,1.0,False,False,False,0.9,0.0,0.933333,0.0,0.0,0.0,0.0,0.0,0.0,0.3,0.0,diagnostic_only,0.6012215211386562,0.0078352606187471,0.6012215211386562,0.5135374556028578,BND,False
DM_2,ANS_DM_150,10.0,10.0,1.0,False,False,False,0.0,0.0,0.0,0.0,0.0,0.0,0.0,0.0,0.0,0.3,0.0,diagnostic_only,0.19234843792377626,0.18171266623195728,0.19234843792377626,0.5135374556028578,POS,False
DM_2,ANS_DM_165,10.0,10.0,1.0,False,False,False,0.0,0.0,0.0,0.0,0.0,0.0,0.0,0.0,0.0,0.3,0.0,diagnostic_only,0.19234843792377626,0.18171266623195728,0.19234843792377626,0.5135374556028578,POS,False
DM_2,ANS_DM_169,7.0,9.7,1.0,False,True,True,0.0,0.5,0.133333,0.0,0.033333,0.066667,0.1,0.0,0.0,0.3,0.0,diagnostic_only,0.2550022547244117,0.4103768734696578,0.4103768734696578,0.5135374556028578,POS,False
DM_2,ANS_DM_170,2.0,0.0,1.0,True,False,True,0.9,0.0,0.95,0.0,0.0,0.0,0.0,0.0,0.0,0.3,0.0,diagnostic_only,0.6011202583570261,0.008129038847394944,0.6011202583570261,0.5135374556028578,BND,False
DM_2,ANS_DM_180,10.0,9.3,1.0,False,False,False,0.0,1.0,0.233333,0.0,0.066667,0.133333,0.2,0.0,0.0,0.3,0.0,diagnostic_only,0.3299202070827293,0.669466378532847,0.669466378532847,0.5135374556028578,BND,False
DM_3,ANS_DM_186,0.0,0.0,1.0,False,False,False,0.0,0.0,0.2,0.0,0.0,0.0,0.0,1.0,0.0,1.0,0.0,diagnostic_only,0.550549175979285,0.2457753801401307,0.550549175979285,0.5104292447387351,BND,False
DM_3,ANS_DM_227,1.0,0.3,1.0,False,False,False,0.7,0.5,0.8,0.0,0.066667,0.033333,0.1,0.266667,0.0,1.0,0.0,diagnostic_only,0.739346526858272,0.07608038965507034,0.739346526858272,0.5104292447387351,BND,False
DM_3,ANS_DM_243,10.0,9.7,1.0,False,False,False,0.0,0.5,0.3,0.0,0.033333,0.066667,0.1,0.033333,0.0,1.0,0.0,diagnostic_only,0.2469441618631083,0.5093249850072056,0.5093249850072056,0.5104292447387351,POS,False
DM_3,ANS_DM_240,4.0,5.0,1.0,False,False,False,0.05,1.0,0.266667,0.0,0.2,0.1,0.3,0.4,0.0,1.0,0.0,diagnostic_only,0.6952117612542296,0.7437174226321742,0.7437174226321742,0.5104292447387351,BND,False
DM_3,ANS_DM_245,0.0,0.0,1.0,False,False,False,1.0,0.0,1.0,0.0,0.0,0.0,0.0,0.0,0.0,1.0,0.0,diagnostic_only,0.6917150397802232,0.00715097291980333,0.6917150397802232,0.5104292447387351,BND,False
DM_3,ANS_DM_248,10.0,10.0,1.0,False,False,False,0.0,0.0,0.0,0.0,0.0,0.0,0.0,0.0,0.0,1.0,0.0,diagnostic_only,0.17869912022759965,0.1913741225954575,0.1913741225954575,0.5104292447387351,POS,False
DM_3,ANS_DM_262,0.0,0.5,1.0,False,False,False,0.05,0.75,0.3,0.0,0.1,0.05,0.15,0.85,0.0,1.0,0.0,diagnostic_only,0.6837225712336001,0.6519085033458697,0.6837225712336001,0.5104292447387351,BND,False
DM_3,ANS_DM_274,7.0,10.0,1.0,False,True,True,0.0,0.0,0.4,0.0,0.0,0.0,0.0,0.0,0.4,1.0,0.0,diagnostic_only,0.1797658589143277,0.551981859602093,0.551981859602093,0.5104292447387351,BND,False
DM_3,ANS_DM_269,6.0,6.3,1.0,False,False,False,0.0,1.0,0.333333,0.0,0.366667,0.633333,1.0,0.366667,0.0,1.0,0.0,diagnostic_only,0.9754125139767982,0.18121780971844048,0.9754125139767982,0.5104292447387351,BND,False
ISC_2,ANS_ISC_495,4.0,3.3,0.5,True,False,True,0.0,0.5,0.0,0.2235,0.033333,0.066667,0.1,0.0,0.0,0.0,0.0,diagnostic_only,0.5249592883491891,0.3884728051706759,0.5249592883491891,0.5501662266258489,POS,False
ISC_2,ANS_ISC_483,4.0,4.7,0.5,False,True,True,0.0,0.5,0.333333,0.0,0.066667,0.033333,0.1,0.0,0.0,0.0,0.0,diagnostic_only,0.2742427557340967,0.5280616961943351,0.5280616961943351,0.5501662266258489,POS,False
ISC_2,ANS_ISC_504,3.0,2.8,0.5,False,False,False,0.0,0.5,0.0,0.3412,0.033333,0.066667,0.1,0.0,0.0,0.0,0.0,diagnostic_only,0.6776188386225115,0.3884728051706759,0.6776188386225115,0.5501662266258489,BND,False
ISC_2,ANS_ISC_497,3.0,2.5,0.5,False,False,False,0.0,0.0,0.0,0.4118,0.0,0.0,0.0,0.0,0.0,0.0,0.0,diagnostic_only,0.6950601168189793,0.20777677077114595,0.6950601168189793,0.5501662266258489,BND,False
ISC_2,ANS_ISC_516,3.0,2.5,0.5,False,False,False,0.0,0.0,0.0,0.4118,0.0,0.0,0.0,0.0,0.0,0.0,0.0,diagnostic_only,0.6950601168189792,0.20777677077114595,0.6950601168189792,0.5501662266258489,BND,False
ISC_2,ANS_ISC_532,4.0,3.5,0.5,False,False,False,0.0,1.0,0.0,0.1765,0.1,0.1,0.2,0.0,0.0,0.0,0.0,diagnostic_only,0.5805252258379663,0.6420650801252287,0.6420650801252287,0.5501662266258489,BND,False
ISC_2,ANS_ISC_538,4.0,4.0,0.5,False,False,False,0.0,0.0,0.0,0.0588,0.0,0.0,0.0,0.0,0.0,0.0,0.0,diagnostic_only,0.24892374890094307,0.20777677077114595,0.24892374890094307,0.5501662266258489,POS,False
ISC_3,ANS_ISC_556,4.0,3.3,0.5,True,False,True,0.333333,0.0,0.333333,0.0993,0.0,0.0,0.0,0.0,0.0,0.0,0.0,diagnostic_only,0.43132267744247366,0.0696357717347582,0.43132267744247366,0.5233903500621029,POS,False
ISC_3,ANS_ISC_568,5.0,3.7,0.5,True,False,True,0.0,1.0,0.222222,0.1294,0.100889,0.133778,0.234667,0.0,0.0,0.0,0.0,diagnostic_only,0.49659563607909796,0.6964776270651496,0.6964776270651496,0.5233903500621029,BND,False
ISC_3,ANS_ISC_572,5.0,3.1,0.5,True,False,True,0.333333,0.333333,0.444444,0.1203,0.044449,0.022224,0.066673,0.0,0.0,0.0,0.0,diagnostic_only,0.5288085275097213,0.16398953862522397,0.5288085275097213,0.5233903500621029,BND,False
ISC_3,ANS_ISC_595,4.0,2.1,0.5,True,False,True,0.333333,1.0,0.555556,0.0497,0.244667,0.156,0.400667,0.0,0.0,0.0,0.0,diagnostic_only,0.8031508544062066,0.4080109957776788,0.8031508544062066,0.5233903500621029,BND,False
ISC_3,ANS_ISC_598,4.0,1.7,0.5,True,False,True,0.0,0.0,0.222222,0.0511,0.0,0.0,0.0,0.0,0.0,0.0,0.0,diagnostic_only,0.21021410711262228,0.28842959052120243,0.28842959052120243,0.5233903500621029,POS,False
ISC_3,ANS_ISC_599,4.0,2.9,0.5,True,False,True,0.0,0.833333,0.222222,0.1247,0.078,0.122667,0.200667,0.0,0.0,0.0,0.0,diagnostic_only,0.44588487704641366,0.6158155666455514,0.6158155666455514,0.5233903500621029,BND,False
ISC_3,ANS_ISC_614,5.0,3.4,0.5,True,False,True,0.0,1.0,0.333333,0.2,0.144,0.188667,0.332667,0.0,0.0,0.0,0.0,diagnostic_only,0.6602953861745516,0.6891933958110815,0.6891933958110815,0.5233903500621029,BND,False
ISC_4,ANS_ISC_624,3.0,2.5,0.5,False,False,False,0.0,0.0,0.166667,0.0849,0.0,0.0,0.0,0.0,0.0,0.0,0.0,diagnostic_only,0.26755485093104125,0.27326705493583303,0.27326705493583303,0.5357863520945018,POS,False
ISC_4,ANS_ISC_628,3.0,2.5,0.5,False,False,False,0.0,0.0,0.0,0.0849,0.0,0.0,0.0,0.0,0.0,0.0,0.0,diagnostic_only,0.26541776039450893,0.20880888262171407,0.26541776039450893,0.5357863520945018,POS,False
ISC_4,ANS_ISC_660,3.0,2.5,0.5,False,False,False,0.0,0.0,0.166667,0.0849,0.0,0.0,0.0,0.0,0.0,0.0,0.0,diagnostic_only,0.26755485093104125,0.27326705493583303,0.27326705493583303,0.5357863520945018,POS,False
ISC_4,ANS_ISC_641,0.0,0.0,0.5,False,False,False,1.0,0.0,1.0,0.0,0.0,0.0,0.0,0.0,0.0,0.0,0.0,diagnostic_only,0.6829367581180212,0.006227848199341987,0.6829367581180212,0.5357863520945018,BND,False
ISC_4,ANS_ISC_672,3.0,2.5,0.5,False,False,False,0.0,0.0,0.166667,0.0849,0.0,0.0,0.0,0.0,0.0,0.0,0.0,diagnostic_only,0.26755485093104125,0.27326705493583303,0.27326705493583303,0.5357863520945018,POS,False
ISC_4,ANS_ISC_676,3.0,2.5,0.5,False,False,False,0.0,0.0,0.0,0.0849,0.0,0.0,0.0,0.0,0.0,0.0,0.0,diagnostic_only,0.26541776039450893,0.20880888262171407,0.26541776039450893,0.5357863520945018,POS,False
ISC_4,ANS_ISC_682,2.0,2.5,0.5,False,False,False,0.0,0.0,0.166667,0.1029,0.0,0.0,0.0,0.0,0.0,0.0,0.0,diagnostic_only,0.2847753505088406,0.27326705493583303,0.2847753505088406,0.5357863520945018,POS,False
ISC_5,ANS_ISC_08,6.0,6.0,0.6000000000000001,False,False,False,0.25,0.0,0.25,0.0,0.0,0.0,0.0,0.0,0.0,0.0,0.0,diagnostic_only,0.29144087527564266,0.09363485060184194,0.29144087527564266,0.5187923041953102,POS,False
ISC_5,ANS_ISC_51,3.0,1.9,0.6000000000000001,True,False,True,0.5,0.208333,0.5,0.1569,0.041667,0.0625,0.104167,0.0,0.0,0.0,0.0,diagnostic_only,0.6729159876471483,0.04849369010609211,0.6729159876471483,0.5187923041953102,BND,False
ISC_5,ANS_ISC_54,6.0,3.2,0.6000000000000001,True,False,True,0.25,1.0,0.5,0.0931,0.208333,0.166667,0.375,0.0,0.0,0.0,0.0,diagnostic_only,0.7569472683732876,0.4741022897603164,0.7569472683732876,0.5187923041953102,BND,False
ISC_5,ANS_ISC_57,6.0,0.3,0.6000000000000001,True,False,True,0.25,0.833333,0.25,0.1941,0.111111,0.055556,0.166667,0.0,0.0,0.0,0.0,diagnostic_only,0.692757920669741,0.38225910428838317,0.692757920669741,0.5187923041953102,BND,False
ISC_5,ANS_ISC_67,6.0,2.2,0.6000000000000001,True,False,True,0.375,1.0,0.541667,0.0324,0.25,0.125,0.375,0.0,0.0,0.0,0.0,diagnostic_only,0.7840164437696561,0.3951146947793797,0.7840164437696561,0.5187923041953102,BND,False
ISC_6,ANS_ISC_112,6.0,1.5,0.6000000000000001,True,False,True,0.5,0.0,0.5,0.0441,0.0,0.0,0.0,0.0,0.0,0.5,0.0,diagnostic_only,0.4068209745362625,0.03795618260855448,0.4068209745362625,0.5131850401972955,POS,False
ISC_6,ANS_ISC_104,6.0,3.0,0.6000000000000001,True,False,True,0.5,0.0,0.666667,0.1029,0.0,0.0,0.0,0.0,0.0,0.5,0.0,diagnostic_only,0.47718126820273427,0.053804099502176975,0.47718126820273427,0.5131850401972955,POS,False
ISC_6,ANS_ISC_116,6.0,4.5,0.6000000000000001,True,False,True,0.25,0.0,0.25,0.0662,0.0,0.0,0.0,0.0,0.666667,0.75,0.0,diagnostic_only,0.31995324957941573,0.5687750810077392,0.5687750810077392,0.5131850401972955,BND,False
ISC_6,ANS_ISC_83,6.0,4.5,0.6000000000000001,True,False,True,0.25,0.0,0.333333,0.0662,0.0,0.0,0.0,0.0,0.666667,0.75,0.0,diagnostic_only,0.321311111493061,0.6129235455248679,0.6129235455248679,0.5131850401972955,BND,False
ISC_6,ANS_ISC_95,5.0,5.0,0.6000000000000001,False,False,False,0.0,1.0,0.5,0.0196,0.166667,0.333333,0.5,0.0,0.333333,1.0,0.0,diagnostic_only,0.6322066897993238,0.84302879418286,0.84302879418286,0.5131850401972955,BND,False
ISC_6,ANS_ISC_90,6.0,6.0,0.6000000000000001,False,False,False,0.0,0.0,0.5,0.0,0.0,0.0,0.0,0.0,0.5,1.0,0.0,diagnostic_only,0.18184624348910075,0.8397031248826543,0.8397031248826543,0.5131850401972955,BND,False
ISC_6,ANS_ISC_99,6.0,1.5,0.6000000000000001,True,False,True,0.5,0.0,0.5,0.0441,0.0,0.0,0.0,0.0,0.0,0.5,0.0,diagnostic_only,0.4068209745362625,0.03795618260855448,0.4068209745362625,0.5131850401972955,POS,False
ISC_9,ANS_ISC_318,10.0,10.0,1.0,False,False,False,0.0,0.0,0.5,0.0,0.0,0.0,0.0,0.0,0.5,1.0,0.0,diagnostic_only,0.163122585669663,0.7731578611507886,0.7731578611507886,0.5232814163513817,BND,False
ISC_9,ANS_ISC_328,0.0,0.0,1.0,False,False,False,1.0,0.0,1.0,0.0,0.0,0.0,0.0,0.0,0.0,0.0,0.0,diagnostic_only,0.7093178695886639,8.896795727844993e-05,0.7093178695886639,0.5232814163513817,BND,False
ISC_9,ANS_ISC_337,10.0,9.7,1.0,False,False,False,0.0,0.5,0.333333,0.0,0.033333,0.066667,0.1,0.033333,0.0,1.0,0.0,diagnostic_only,0.23931284696357658,0.7250170542760492,0.7250170542760492,0.5232814163513817,BND,False
ISC_9,ANS_ISC_363,3.0,4.2,1.0,False,True,True,0.0,1.0,0.0,0.1043,0.083333,0.166667,0.25,0.0,0.416667,1.0,0.0,diagnostic_only,0.48861593207717957,0.5936799595338137,0.5936799595338137,0.5232814163513817,BND,False
ISC_9,ANS_ISC_367,2.0,1.7,1.0,False,False,False,0.0,1.0,0.166667,0.165,0.083333,0.166667,0.25,0.0,0.166667,1.0,0.0,diagnostic_only,0.5582912343455086,0.7001117611665677,0.7001117611665677,0.5232814163513817,BND,False
ISC_9,ANS_ISC_322,2.0,5.8,1.0,False,True,True,0.0,1.0,0.0,0.3176,0.116667,0.083333,0.2,0.0,0.583333,1.0,0.0,diagnostic_only,0.7556525393100808,0.6761013868207402,0.7556525393100808,0.5232814163513817,BND,False
ISC_9,ANS_ISC_369,2.0,0.0,1.0,True,False,True,0.0,0.0,0.0,0.0,0.0,0.0,0.0,0.0,0.0,1.0,0.0,diagnostic_only,0.16979789950039326,0.3064291336835123,0.3064291336835123,0.5232814163513817,POS,False
ISC_9,ANS_ISC_378,0.0,1.7,1.0,False,True,True,0.5,1.0,0.666667,0.0,0.333333,0.166667,0.5,0.0,0.333333,0.5,0.0,diagnostic_only,0.9245128414942516,0.01594006515334293,0.9245128414942516,0.5232814163513817,BND,False
ML_1,ANS_ML_24,4.0,1.3,0.5,True,False,True,0.0,1.0,0.666667,0.0,0.666667,0.333333,1.0,0.0,0.0,0.0,0.0,diagnostic_only,0.9647648483882327,0.8718485583984459,0.9647648483882327,0.5249766612372007,BND,False
ML_1,ANS_ML_05,4.0,2.1,0.5,True,False,True,0.0,1.0,0.0,0.3824,0.104167,0.145833,0.25,0.0,0.0,0.0,0.0,diagnostic_only,0.7963648870469805,0.5546459492969791,0.7963648870469805,0.5249766612372007,BND,False
ML_1,ANS_ML_45,4.0,1.5,0.5,True,False,True,0.0,0.0,0.0,0.5588,0.0,0.0,0.0,0.0,0.0,0.0,0.0,diagnostic_only,0.7471512507840142,0.20310537883411614,0.7471512507840142,0.5249766612372007,BND,False
ML_1,ANS_ML_39,4.0,0.7,0.5,True,False,True,0.0,1.0,0.333333,0.0,0.333333,0.166667,0.5,0.0,0.0,0.0,0.0,diagnostic_only,0.7317608358140999,0.7991851353274906,0.7991851353274906,0.5249766612372007,BND,False
ML_1,ANS_ML_48,4.0,1.7,0.5,True,False,True,0.0,1.0,0.0,0.5,0.083333,0.166667,0.25,0.0,0.0,0.0,0.0,diagnostic_only,0.8581342412192755,0.5107069784449711,0.8581342412192755,0.5249766612372007,BND,False
ML_1,ANS_ML_55,2.0,0.0,0.5,True,False,True,0.0,0.0,0.333333,0.0,0.0,0.0,0.0,0.0,0.0,0.0,0.0,diagnostic_only,0.1713060061318713,0.34538303482672894,0.34538303482672894,0.5249766612372007,POS,False
ML_2,ANS_ML_105,4.0,2.7,0.5,True,False,True,0.5,0.004125,0.5,0.2059,0.000275,0.00055,0.000825,0.0,0.667225,1.0,0.0,diagnostic_only,0.6232627706215764,0.3596035079789791,0.6232627706215764,0.5135981218398765,BND,False
ML_2,ANS_ML_104,4.0,4.0,0.5,False,False,False,0.25,0.0,0.5,0.0,0.0,0.0,0.0,0.0,0.5,1.0,0.0,diagnostic_only,0.27927948753873794,0.5509286812632908,0.5509286812632908,0.5135981218398765,BND,False
ML_2,ANS_ML_109,2.0,0.0,0.5,True,False,True,0.75,0.0,0.75,0.0,0.0,0.0,0.0,0.0,0.0,1.0,0.0,diagnostic_only,0.5136686963444784,0.019154355345395443,0.5136686963444784,0.5135981218398765,BND,False
ML_2,ANS_ML_57,4.0,4.0,0.5,False,False,False,0.25,0.0,0.5,0.0,0.0,0.0,0.0,0.0,0.5,1.0,0.0,diagnostic_only,0.27927948753873794,0.5509286812632908,0.5509286812632908,0.5135981218398765,BND,False
ML_2,ANS_ML_58,3.0,2.0,0.5,True,False,True,0.25,0.0,0.5,0.1029,0.0,0.0,0.0,0.5,0.5,1.0,0.0,diagnostic_only,0.4908485042558937,0.5509286812632908,0.5509286812632908,0.5135981218398765,BND,False
ML_2,ANS_ML_61,4.0,4.0,0.5,False,False,False,0.25,0.0,0.5,0.0,0.0,0.0,0.0,0.0,0.5,1.0,0.0,diagnostic_only,0.27927948753873794,0.5509286812632908,0.5509286812632908,0.5135981218398765,BND,False
ML_4,ANS_ML_169,0.0,0.0,0.6000000000000001,False,False,False,1.0,0.0,1.0,0.0,0.0,0.0,0.0,0.0,0.0,0.0,0.0,diagnostic_only,0.7180860955690084,0.005766942430147823,0.7180860955690084,0.5271856756550316,BND,False
ML_4,ANS_ML_180,3.0,2.0,0.6000000000000001,True,False,True,0.0,1.0,0.333333,0.6078,0.166667,0.333333,0.5,0.0,0.0,0.0,0.0,diagnostic_only,0.9519946553752207,0.5089995277597907,0.9519946553752207,0.5271856756550316,BND,False
ML_4,ANS_ML_204,5.0,3.0,0.6000000000000001,True,False,True,0.0,0.0,0.0,0.4118,0.0,0.0,0.0,0.0,0.0,0.0,0.0,diagnostic_only,0.5890724880429156,0.20279232816357193,0.5890724880429156,0.5271856756550316,BND,False
ML_4,ANS_ML_207,6.0,4.7,0.6000000000000001,True,False,True,0.0,1.0,0.333333,0.0784,0.222222,0.277778,0.5,0.0,0.0,0.0,0.0,diagnostic_only,0.7023358286330132,0.5957789562655305,0.7023358286330132,0.5271856756550316,BND,False
ML_4,ANS_ML_224,6.0,3.3,0.6000000000000001,True,False,True,0.0,0.833333,0.0,0.3529,0.111111,0.055556,0.166667,0.0,0.0,0.0,0.0,diagnostic_only,0.7324588923680025,0.5923347178641847,0.7324588923680025,0.5271856756550316,BND,False
ML_4,ANS_ML_181,6.0,0.0,0.6000000000000001,True,False,True,0.0,0.0,0.0,0.0,0.0,0.0,0.0,0.0,0.0,0.0,0.0,diagnostic_only,0.1801109711542364,0.20279232816357193,0.20279232816357193,0.5271856756550316,POS,False
POC_3,ANS_POC_255,5.0,5.0,0.5,False,False,False,0.0,0.0,0.0,0.0,0.0,0.0,0.0,0.0,0.0,0.0,0.0,diagnostic_only,0.18281648623501942,0.2023130622114553,0.2023130622114553,0.5217030082372507,POS,False
POC_3,ANS_POC_250,2.0,0.0,0.5,True,False,True,0.0,0.0,0.0,0.0,0.0,0.0,0.0,0.0,0.0,0.0,0.0,diagnostic_only,0.18281648623501942,0.2023130622114553,0.2023130622114553,0.5217030082372507,POS,False
POC_3,ANS_POC_271,5.0,5.0,0.5,False,False,False,0.0,0.0,0.0,0.0,0.0,0.0,0.0,0.0,0.0,0.0,0.0,diagnostic_only,0.18281648623501942,0.2023130622114553,0.2023130622114553,0.5217030082372507,POS,False
POC_3,ANS_POC_266,1.0,1.5,0.5,False,False,False,0.0,1.0,0.133333,0.0818,0.2,0.1,0.3,0.0,0.0,0.0,0.0,diagnostic_only,0.6289887157181681,0.7347464703481842,0.7347464703481842,0.5217030082372507,BND,False
POC_3,ANS_POC_282,3.0,3.3,0.5,False,False,False,0.0,1.0,0.066667,0.133,0.133333,0.066667,0.2,0.0,0.0,0.0,0.0,diagnostic_only,0.5663568539170205,0.7338300402353762,0.7338300402353762,0.5217030082372507,BND,False
POC_3,ANS_POC_290,5.0,3.3,0.5,True,False,True,0.0,1.0,0.133333,0.2235,0.133333,0.066667,0.2,0.0,0.0,0.0,0.0,diagnostic_only,0.6662782413997359,0.7594323283823485,0.7594323283823485,0.5217030082372507,BND,False
POC_5,ANS_POC_133,5.0,4.1,0.5,True,False,True,0.0,0.75,0.066667,0.0353,0.083333,0.116667,0.2,0.0,0.0,0.0,0.0,diagnostic_only,0.363962773589903,0.4948033062244287,0.4948033062244287,0.5294086145821051,POS,False
POC_5,ANS_POC_140,5.0,3.9,0.5,True,False,True,0.0,1.0,0.266667,0.0824,0.23,0.21,0.44,0.0,0.0,0.0,0.0,diagnostic_only,0.677013865125235,0.6634510322314549,0.677013865125235,0.5294086145821051,BND,False
POC_5,ANS_POC_144,5.0,4.3,0.5,True,False,True,0.0,0.5,0.2,0.0,0.033333,0.066667,0.1,0.0,0.0,0.0,0.0,diagnostic_only,0.23887658888880836,0.4721330015684783,0.4721330015684783,0.5294086145821051,POS,False
POC_5,ANS_POC_156,5.0,3.5,0.5,True,False,True,0.0,1.0,0.366667,0.1765,0.3,0.3,0.6,0.0,0.0,0.0,0.0,diagnostic_only,0.8532417613924373,0.61760039134629,0.8532417613924373,0.5294086145821051,BND,False
POC_5,ANS_POC_159,4.0,3.7,0.5,False,False,False,0.0,1.0,0.066667,0.1294,0.116667,0.083333,0.2,0.0,0.0,0.0,0.0,diagnostic_only,0.5277937697739115,0.6921644803374489,0.6921644803374489,0.5294086145821051,BND,False
POC_5,ANS_POC_164,5.0,3.5,0.5,True,False,True,0.0,1.0,0.4,0.1412,0.296667,0.193333,0.49,0.0,0.0,0.0,0.0,diagnostic_only,0.8078430493734308,0.7612298941666844,0.8078430493734308,0.5294086145821051,BND,False
